scrape_time,station,forecast_date,max_temp,min_temp,forecast,warning
2026-07-09 12:55:53.575643,Mumbai-Colaba,9-JUL,30,26,Generally cloudy sky with moderate rain,No warning
2026-07-09 12:55:53.616997,Mumbai-Colaba,10-JUL,31,26,Generally cloudy sky with moderate rain,No warning
2026-07-09 12:55:53.657288,Mumbai-Colaba,11-JUL,32,26,Generally cloudy sky with Light rain,No warning
2026-07-09 12:55:53.696926,Mumbai-Colaba,12-JUL,32,25,Generally cloudy sky with Light rain,No warning
2026-07-09 12:55:53.734849,Mumbai-Colaba,13-JUL,31,25,Generally cloudy sky with Light rain,No warning
2026-07-09 12:55:53.774713,Mumbai-Colaba,14-JUL,31,25,Generally cloudy sky with Light rain,No warning
2026-07-09 12:55:53.812923,Mumbai-Colaba,15-JUL,31,25,Generally cloudy sky with Light rain,No warning
2026-07-09 13:34:18.821853,Mumbai-Colaba,9-JUL,31,26,Generally cloudy sky with Light rain,No warning
2026-07-09 13:34:18.869734,Mumbai-Colaba,10-JUL,31,26,Generally cloudy sky with Light rain,No warning
2026-07-09 13:34:18.916116,Mumbai-Colaba,11-JUL,32,26,Generally cloudy sky with Light rain,No warning
2026-07-09 13:34:18.963327,Mumbai-Colaba,12-JUL,32,25,Generally cloudy sky with Light rain,No warning
2026-07-09 13:34:19.008705,Mumbai-Colaba,13-JUL,31,25,Generally cloudy sky with Light rain,No warning
2026-07-09 13:34:19.050297,Mumbai-Colaba,14-JUL,31,25,Generally cloudy sky with Light rain,No warning
2026-07-09 13:34:19.092621,Mumbai-Colaba,15-JUL,31,25,Generally cloudy sky with Light rain,No warning
2026-07-09 15:23:54.974068,Mumbai-Colaba,9-JUL,31,26,Generally cloudy sky with Light rain,No warning
2026-07-09 15:23:55.018498,Mumbai-Colaba,10-JUL,31,26,Generally cloudy sky with Light rain,No warning
2026-07-09 15:23:55.063132,Mumbai-Colaba,11-JUL,32,26,Generally cloudy sky with Light rain,No warning
2026-07-09 15:23:55.107903,Mumbai-Colaba,12-JUL,32,25,Generally cloudy sky with Light rain,No warning
2026-07-09 15:23:55.150003,Mumbai-Colaba,13-JUL,31,25,Generally cloudy sky with Light rain,No warning
2026-07-09 15:23:55.188517,Mumbai-Colaba,14-JUL,31,25,Generally cloudy sky with Light rain,No warning
2026-07-09 15:23:55.227828,Mumbai-Colaba,15-JUL,31,25,Generally cloudy sky with Light rain,No warning
2026-07-09 19:56:03.265287,Mumbai-Colaba,9-JUL,31,26,Generally cloudy sky with Light rain,No warning
2026-07-09 19:56:03.308372,Mumbai-Colaba,10-JUL,31,26,Generally cloudy sky with Light rain,No warning
2026-07-09 19:56:03.352310,Mumbai-Colaba,11-JUL,32,26,Generally cloudy sky with Light rain,No warning
2026-07-09 19:56:03.395829,Mumbai-Colaba,12-JUL,32,25,Generally cloudy sky with Light rain,No warning
2026-07-09 19:56:03.437806,Mumbai-Colaba,13-JUL,31,25,Generally cloudy sky with Light rain,No warning
2026-07-09 19:56:03.476782,Mumbai-Colaba,14-JUL,31,25,Generally cloudy sky with Light rain,No warning
2026-07-09 19:56:03.515440,Mumbai-Colaba,15-JUL,31,25,Generally cloudy sky with Light rain,No warning
2026-07-10 03:52:30.679420,Mumbai-Colaba,10-JUL,31,26,Generally cloudy sky with Light rain,No warning
2026-07-10 03:52:30.718355,Mumbai-Colaba,11-JUL,32,26,Generally cloudy sky with Light rain,No warning
2026-07-10 03:52:30.755447,Mumbai-Colaba,12-JUL,32,25,Generally cloudy sky with Light rain,No warning
2026-07-10 03:52:30.791829,Mumbai-Colaba,13-JUL,31,25,Generally cloudy sky with Light rain,No warning
2026-07-10 03:52:30.829610,Mumbai-Colaba,14-JUL,31,25,Generally cloudy sky with Light rain,No warning
2026-07-10 03:52:30.863783,Mumbai-Colaba,15-JUL,31,25,Generally cloudy sky with Light rain,No warning
2026-07-10 03:52:30.897811,Mumbai-Colaba,16-JUL,31,25,Generally cloudy sky with Light rain,No warning
2026-07-10 09:46:55.755021,Mumbai-Colaba,10-JUL,33,27,Generally cloudy sky with Light rain,No warning
2026-07-10 09:46:55.797848,Mumbai-Colaba,11-JUL,33,27,Generally cloudy sky with Light rain,No warning
2026-07-10 09:46:55.841719,Mumbai-Colaba,12-JUL,34,26,Generally cloudy sky with Light rain,No warning
2026-07-10 09:46:55.885232,Mumbai-Colaba,13-JUL,34,26,Generally cloudy sky with Light rain,No warning
2026-07-10 09:46:55.927644,Mumbai-Colaba,14-JUL,33,26,Generally cloudy sky with Light rain,No warning
2026-07-10 09:46:55.967120,Mumbai-Colaba,15-JUL,33,27,Generally cloudy sky with Light rain,No warning
2026-07-10 09:46:56.006064,Mumbai-Colaba,16-JUL,33,27,Generally cloudy sky with Light rain,No warning
2026-07-10 14:41:39.573376,Mumbai-Colaba,10-JUL,33,27,Generally cloudy sky with Light rain,No warning
2026-07-10 14:41:39.621548,Mumbai-Colaba,11-JUL,33,27,Generally cloudy sky with Light rain,No warning
2026-07-10 14:41:39.671289,Mumbai-Colaba,12-JUL,34,26,Generally cloudy sky with Light rain,No warning
2026-07-10 14:41:39.720622,Mumbai-Colaba,13-JUL,34,26,Generally cloudy sky with Light rain,No warning
2026-07-10 14:41:39.767807,Mumbai-Colaba,14-JUL,33,26,Generally cloudy sky with Light rain,No warning
2026-07-10 14:41:39.811454,Mumbai-Colaba,15-JUL,33,27,Generally cloudy sky with Light rain,No warning
2026-07-10 14:41:39.856411,Mumbai-Colaba,16-JUL,33,27,Generally cloudy sky with Light rain,No warning
2026-07-10 19:41:58.714363,Mumbai-Colaba,10-JUL,33,27,Generally cloudy sky with Light rain,No warning
2026-07-10 19:41:58.761789,Mumbai-Colaba,11-JUL,33,27,Generally cloudy sky with Light rain,No warning
2026-07-10 19:41:58.809520,Mumbai-Colaba,12-JUL,34,26,Generally cloudy sky with Light rain,No warning
2026-07-10 19:41:58.855844,Mumbai-Colaba,13-JUL,34,26,Generally cloudy sky with Light rain,No warning
2026-07-10 19:41:58.901475,Mumbai-Colaba,14-JUL,33,26,Generally cloudy sky with Light rain,No warning
2026-07-10 19:41:58.944522,Mumbai-Colaba,15-JUL,33,27,Generally cloudy sky with Light rain,No warning
2026-07-10 19:41:58.987680,Mumbai-Colaba,16-JUL,33,27,Generally cloudy sky with Light rain,No warning
2026-07-11 03:18:31.425758,Mumbai-Colaba,11-JUL,33,27,Generally cloudy sky with Light rain,No warning
2026-07-11 03:18:31.470119,Mumbai-Colaba,12-JUL,34,26,Generally cloudy sky with Light rain,No warning
2026-07-11 03:18:31.516782,Mumbai-Colaba,13-JUL,34,26,Generally cloudy sky with Light rain,No warning
2026-07-11 03:18:31.562354,Mumbai-Colaba,14-JUL,33,26,Generally cloudy sky with Light rain,No warning
2026-07-11 03:18:31.606113,Mumbai-Colaba,15-JUL,33,27,Generally cloudy sky with Light rain,No warning
2026-07-11 03:18:31.646927,Mumbai-Colaba,16-JUL,33,27,Generally cloudy sky with Light rain,No warning
2026-07-11 08:05:35.587579,Mumbai-Colaba,11-JUL,35,29,Mainly Clear sky,Hot and Humid
2026-07-11 08:05:35.633852,Mumbai-Colaba,12-JUL,35,29,Mainly Clear sky,"No warning, Hot and Humid"
2026-07-11 08:05:35.682847,Mumbai-Colaba,13-JUL,35,29,Partly cloudy sky with possibility of development of thunder lightning,No warning
2026-07-11 08:05:35.728546,Mumbai-Colaba,14-JUL,35,29,Partly cloudy sky with possibility of development of thunder lightning,No warning
2026-07-11 08:05:35.773420,Mumbai-Colaba,15-JUL,35,29,Partly cloudy sky with possibility of development of thunder lightning,No warning
2026-07-11 08:05:35.814532,Mumbai-Colaba,16-JUL,35,29,Partly cloudy sky with possibility of development of thunder lightning,No warning
2026-07-11 08:05:35.855938,Mumbai-Colaba,17-JUL,33,27,Partly cloudy sky with possibility of development of thunder lightning,No warning
2026-07-11 13:40:25.606052,Mumbai-Colaba,11-JUL,35,29,Mainly Clear sky,Hot and Humid
2026-07-11 13:40:25.652191,Mumbai-Colaba,12-JUL,35,29,Mainly Clear sky,"No warning, Hot and Humid"
2026-07-11 13:40:25.698690,Mumbai-Colaba,13-JUL,35,29,Partly cloudy sky with possibility of development of thunder lightning,No warning
2026-07-11 13:40:25.744216,Mumbai-Colaba,14-JUL,35,29,Partly cloudy sky with possibility of development of thunder lightning,No warning
2026-07-11 13:40:25.787758,Mumbai-Colaba,15-JUL,35,29,Partly cloudy sky with possibility of development of thunder lightning,No warning
2026-07-11 13:40:25.828696,Mumbai-Colaba,16-JUL,35,29,Partly cloudy sky with possibility of development of thunder lightning,No warning
2026-07-11 13:40:25.870368,Mumbai-Colaba,17-JUL,33,27,Partly cloudy sky with possibility of development of thunder lightning,No warning
2026-07-11 19:13:28.728166,Mumbai-Colaba,11-JUL,35,29,Mainly Clear sky,Hot and Humid
2026-07-11 19:13:28.769422,Mumbai-Colaba,12-JUL,35,29,Mainly Clear sky,"No warning, Hot and Humid"
2026-07-11 19:13:28.811133,Mumbai-Colaba,13-JUL,35,29,Partly cloudy sky with possibility of development of thunder lightning,No warning
2026-07-11 19:13:28.851948,Mumbai-Colaba,14-JUL,35,29,Partly cloudy sky with possibility of development of thunder lightning,No warning
2026-07-11 19:13:28.891307,Mumbai-Colaba,15-JUL,35,29,Partly cloudy sky with possibility of development of thunder lightning,No warning
2026-07-11 19:13:28.929099,Mumbai-Colaba,16-JUL,35,29,Partly cloudy sky with possibility of development of thunder lightning,No warning
2026-07-11 19:13:28.967558,Mumbai-Colaba,17-JUL,33,27,Partly cloudy sky with possibility of development of thunder lightning,No warning
2026-07-12 03:30:31.052827,Mumbai-Colaba,12-JUL,35,29,Mainly Clear sky,"No warning, Hot and Humid"
2026-07-12 03:30:31.097945,Mumbai-Colaba,13-JUL,35,29,Partly cloudy sky with possibility of development of thunder lightning,No warning
2026-07-12 03:30:31.143461,Mumbai-Colaba,14-JUL,35,29,Partly cloudy sky with possibility of development of thunder lightning,No warning
2026-07-12 03:30:31.189500,Mumbai-Colaba,15-JUL,35,29,Partly cloudy sky with possibility of development of thunder lightning,No warning
2026-07-12 03:30:31.233357,Mumbai-Colaba,16-JUL,35,29,Partly cloudy sky with possibility of development of thunder lightning,No warning
2026-07-12 03:30:31.272360,Mumbai-Colaba,17-JUL,33,27,Partly cloudy sky with possibility of development of thunder lightning,No warning
2026-07-12 03:30:31.312925,Mumbai-Colaba,18-JUL,33,27,Partly cloudy sky with possibility of development of thunder lightning,No warning
2026-07-12 08:26:55.012851,Mumbai-Colaba,12-JUL,33,28,Generally cloudy sky with Light rain,No warning
2026-07-12 08:26:55.050268,Mumbai-Colaba,13-JUL,34,28,Generally cloudy sky with Light rain,No warning
2026-07-12 08:26:55.087398,Mumbai-Colaba,14-JUL,34,27,Generally cloudy sky with Light rain,No warning
2026-07-12 08:26:55.123764,Mumbai-Colaba,15-JUL,33,26,Generally cloudy sky with Light rain,No warning
2026-07-12 08:26:55.159243,Mumbai-Colaba,16-JUL,33,25,Generally cloudy sky with moderate rain,No warning
2026-07-12 08:26:55.192483,Mumbai-Colaba,17-JUL,32,25,Generally cloudy sky with moderate rain,No warning
2026-07-12 08:26:55.225559,Mumbai-Colaba,18-JUL,32,26,Generally cloudy sky with moderate rain,No warning
2026-07-12 13:40:17.753856,Mumbai-Colaba,12-JUL,33,28,Generally cloudy sky with Light rain,No warning
2026-07-12 13:40:17.796751,Mumbai-Colaba,13-JUL,34,28,Generally cloudy sky with Light rain,No warning
2026-07-12 13:40:17.838108,Mumbai-Colaba,14-JUL,34,27,Generally cloudy sky with Light rain,No warning
2026-07-12 13:40:17.879604,Mumbai-Colaba,15-JUL,33,26,Generally cloudy sky with Light rain,No warning
2026-07-12 13:40:17.921286,Mumbai-Colaba,16-JUL,33,25,Generally cloudy sky with moderate rain,No warning
2026-07-12 13:40:17.961077,Mumbai-Colaba,17-JUL,32,25,Generally cloudy sky with moderate rain,No warning
2026-07-12 13:40:17.999240,Mumbai-Colaba,18-JUL,32,26,Generally cloudy sky with moderate rain,No warning
2026-07-12 19:14:23.084074,Mumbai-Colaba,12-JUL,33,28,Generally cloudy sky with Light rain,No warning
2026-07-12 19:14:23.126474,Mumbai-Colaba,13-JUL,34,28,Generally cloudy sky with Light rain,No warning
2026-07-12 19:14:23.170254,Mumbai-Colaba,14-JUL,34,27,Generally cloudy sky with Light rain,No warning
2026-07-12 19:14:23.214485,Mumbai-Colaba,15-JUL,33,26,Generally cloudy sky with Light rain,No warning
2026-07-12 19:14:23.256015,Mumbai-Colaba,16-JUL,33,25,Generally cloudy sky with moderate rain,No warning
2026-07-12 19:14:23.294425,Mumbai-Colaba,17-JUL,32,25,Generally cloudy sky with moderate rain,No warning
2026-07-12 19:14:23.333337,Mumbai-Colaba,18-JUL,32,26,Generally cloudy sky with moderate rain,No warning
2026-07-13 03:33:19.462832,Mumbai-Colaba,13-JUL,34,28,Generally cloudy sky with Light rain,No warning
2026-07-13 03:33:19.506747,Mumbai-Colaba,14-JUL,34,27,Generally cloudy sky with Light rain,No warning
2026-07-13 03:33:19.551047,Mumbai-Colaba,15-JUL,33,26,Generally cloudy sky with Light rain,No warning
2026-07-13 03:33:19.595426,Mumbai-Colaba,16-JUL,33,25,Generally cloudy sky with moderate rain,No warning
2026-07-13 03:33:19.639901,Mumbai-Colaba,17-JUL,32,25,Generally cloudy sky with moderate rain,No warning
2026-07-13 03:33:19.679558,Mumbai-Colaba,18-JUL,32,26,Generally cloudy sky with moderate rain,No warning
2026-07-13 03:33:19.718946,Mumbai-Colaba,19-JUL,32,26,Generally cloudy sky with moderate rain,No warning
2026-07-13 09:39:02.670227,Mumbai-Colaba,13-JUL,34,28,Generally cloudy sky with Light rain,No warning
2026-07-13 09:39:02.716733,Mumbai-Colaba,14-JUL,34,27,Generally cloudy sky with Light rain,No warning
2026-07-13 09:39:02.763088,Mumbai-Colaba,15-JUL,33,26,Generally cloudy sky with Light rain,No warning
2026-07-13 09:39:02.811556,Mumbai-Colaba,16-JUL,33,25,Generally cloudy sky with moderate rain,No warning
2026-07-13 09:39:02.858423,Mumbai-Colaba,17-JUL,32,25,Generally cloudy sky with moderate rain,No warning
2026-07-13 09:39:02.902788,Mumbai-Colaba,18-JUL,32,26,Generally cloudy sky with moderate rain,No warning
2026-07-13 09:39:02.943522,Mumbai-Colaba,19-JUL,32,26,Generally cloudy sky with moderate rain,No warning
2026-07-13 14:48:25.947401,Mumbai-Colaba,13-JUL,34,28,Generally cloudy sky with Light rain,No warning
2026-07-13 14:48:25.992693,Mumbai-Colaba,14-JUL,34,27,Generally cloudy sky with Light rain,No warning
2026-07-13 14:48:26.038793,Mumbai-Colaba,15-JUL,33,26,Generally cloudy sky with Light rain,No warning
2026-07-13 14:48:26.083938,Mumbai-Colaba,16-JUL,33,25,Generally cloudy sky with moderate rain,No warning
2026-07-13 14:48:26.127597,Mumbai-Colaba,17-JUL,32,25,Generally cloudy sky with moderate rain,No warning
2026-07-13 14:48:26.168211,Mumbai-Colaba,18-JUL,32,26,Generally cloudy sky with moderate rain,No warning
2026-07-13 14:48:26.209553,Mumbai-Colaba,19-JUL,32,26,Generally cloudy sky with moderate rain,No warning
2026-07-13 19:37:29.338302,Mumbai-Colaba,13-JUL,34,28,Generally cloudy sky with Light rain,No warning
2026-07-13 19:37:29.382571,Mumbai-Colaba,14-JUL,34,27,Generally cloudy sky with Light rain,No warning
2026-07-13 19:37:29.428845,Mumbai-Colaba,15-JUL,33,26,Generally cloudy sky with Light rain,No warning
2026-07-13 19:37:29.473459,Mumbai-Colaba,16-JUL,33,25,Generally cloudy sky with moderate rain,No warning
2026-07-13 19:37:29.516938,Mumbai-Colaba,17-JUL,32,25,Generally cloudy sky with moderate rain,No warning
2026-07-13 19:37:29.557400,Mumbai-Colaba,18-JUL,32,26,Generally cloudy sky with moderate rain,No warning
2026-07-13 19:37:29.598328,Mumbai-Colaba,19-JUL,32,26,Generally cloudy sky with moderate rain,No warning
2026-07-14 02:55:10.634849,Mumbai-Colaba,13-JUL,34,28,Generally cloudy sky with Light rain,No warning
2026-07-14 02:55:10.681118,Mumbai-Colaba,14-JUL,34,27,Generally cloudy sky with Light rain,No warning
2026-07-14 02:55:10.729438,Mumbai-Colaba,15-JUL,33,26,Generally cloudy sky with Light rain,No warning
2026-07-14 02:55:10.783227,Mumbai-Colaba,16-JUL,33,25,Generally cloudy sky with moderate rain,No warning
2026-07-14 02:55:10.832557,Mumbai-Colaba,17-JUL,32,25,Generally cloudy sky with moderate rain,No warning
2026-07-14 02:55:10.876141,Mumbai-Colaba,18-JUL,32,26,Generally cloudy sky with moderate rain,No warning
2026-07-14 02:55:10.919056,Mumbai-Colaba,19-JUL,32,26,Generally cloudy sky with moderate rain,No warning
2026-07-14 08:19:18.672410,Mumbai-Colaba,14-JUL,33,27,Partly cloudy sky with one or two spells of rain or thundershowers,No warning
2026-07-14 08:19:18.719555,Mumbai-Colaba,15-JUL,33,26,Partly cloudy sky with one or two spells of rain or thundershowers,No warning
2026-07-14 08:19:18.766237,Mumbai-Colaba,16-JUL,32,26,Generally cloudy sky with Light rain,No warning
2026-07-14 08:19:18.811774,Mumbai-Colaba,17-JUL,32,25,Generally cloudy sky with Light rain,No warning
2026-07-14 08:19:18.856294,Mumbai-Colaba,18-JUL,32,25,Generally cloudy sky with moderate rain,No warning
2026-07-14 08:19:18.897843,Mumbai-Colaba,19-JUL,32,25,Generally cloudy sky with moderate rain,No warning
2026-07-14 08:19:18.939869,Mumbai-Colaba,20-JUL,32,25,Generally cloudy sky with moderate rain,No warning
2026-07-14 13:58:30.970980,Mumbai-Colaba,14-JUL,33,27,Partly cloudy sky with one or two spells of rain or thundershowers,No warning
2026-07-14 13:58:31.016148,Mumbai-Colaba,15-JUL,33,26,Partly cloudy sky with one or two spells of rain or thundershowers,No warning
2026-07-14 13:58:31.061634,Mumbai-Colaba,16-JUL,32,26,Generally cloudy sky with Light rain,No warning
2026-07-14 13:58:31.106096,Mumbai-Colaba,17-JUL,32,25,Generally cloudy sky with Light rain,No warning
2026-07-14 13:58:31.149110,Mumbai-Colaba,18-JUL,32,25,Generally cloudy sky with moderate rain,No warning
2026-07-14 13:58:31.188647,Mumbai-Colaba,19-JUL,32,25,Generally cloudy sky with moderate rain,No warning
2026-07-14 13:58:31.228760,Mumbai-Colaba,20-JUL,32,25,Generally cloudy sky with moderate rain,No warning
2026-07-14 19:28:36.824041,Mumbai-Colaba,14-JUL,33,27,Partly cloudy sky with one or two spells of rain or thundershowers,No warning
2026-07-14 19:28:36.872651,Mumbai-Colaba,15-JUL,33,26,Partly cloudy sky with one or two spells of rain or thundershowers,No warning
2026-07-14 19:28:36.916387,Mumbai-Colaba,16-JUL,32,26,Generally cloudy sky with Light rain,No warning
2026-07-14 19:28:36.960697,Mumbai-Colaba,17-JUL,32,25,Generally cloudy sky with Light rain,No warning
2026-07-14 19:28:37.003121,Mumbai-Colaba,18-JUL,32,25,Generally cloudy sky with moderate rain,No warning
2026-07-14 19:28:37.042384,Mumbai-Colaba,19-JUL,32,25,Generally cloudy sky with moderate rain,No warning
2026-07-14 19:28:37.081832,Mumbai-Colaba,20-JUL,32,25,Generally cloudy sky with moderate rain,No warning
2026-07-15 02:53:48.249982,Mumbai-Colaba,14-JUL,33,27,Partly cloudy sky with one or two spells of rain or thundershowers,No warning
2026-07-15 02:53:48.295502,Mumbai-Colaba,15-JUL,33,26,Partly cloudy sky with one or two spells of rain or thundershowers,No warning
2026-07-15 02:53:48.342053,Mumbai-Colaba,16-JUL,32,26,Generally cloudy sky with Light rain,No warning
2026-07-15 02:53:48.386058,Mumbai-Colaba,17-JUL,32,25,Generally cloudy sky with Light rain,No warning
2026-07-15 02:53:48.429439,Mumbai-Colaba,18-JUL,32,25,Generally cloudy sky with moderate rain,No warning
2026-07-15 02:53:48.470667,Mumbai-Colaba,19-JUL,32,25,Generally cloudy sky with moderate rain,No warning
2026-07-15 02:53:48.516069,Mumbai-Colaba,20-JUL,32,25,Generally cloudy sky with moderate rain,No warning
2026-07-15 08:24:51.281604,Mumbai-Colaba,15-JUL,33,26,Partly cloudy sky with one or two spells of rain or thundershowers,No warning
2026-07-15 08:24:51.324082,Mumbai-Colaba,16-JUL,33,25,Generally cloudy sky with Light rain,No warning
2026-07-15 08:24:51.366206,Mumbai-Colaba,17-JUL,32,25,Generally cloudy sky with Light rain,No warning
2026-07-15 08:24:51.407907,Mumbai-Colaba,18-JUL,32,26,Generally cloudy sky with moderate rain,No warning
2026-07-15 08:24:51.448255,Mumbai-Colaba,19-JUL,32,26,Generally cloudy sky with moderate rain,No warning
2026-07-15 08:24:51.487870,Mumbai-Colaba,20-JUL,32,26,Generally cloudy sky with moderate rain,No warning
2026-07-15 08:24:51.528266,Mumbai-Colaba,21-JUL,32,26,Generally cloudy sky with moderate rain,No warning
2026-07-15 13:54:57.591358,Mumbai-Colaba,15-JUL,33,26,Partly cloudy sky with one or two spells of rain or thundershowers,No warning
2026-07-15 13:54:57.637035,Mumbai-Colaba,16-JUL,33,25,Generally cloudy sky with Light rain,No warning
2026-07-15 13:54:57.683371,Mumbai-Colaba,17-JUL,32,25,Generally cloudy sky with Light rain,No warning
2026-07-15 13:54:57.729067,Mumbai-Colaba,18-JUL,32,26,Generally cloudy sky with moderate rain,No warning
2026-07-15 13:54:57.773680,Mumbai-Colaba,19-JUL,32,26,Generally cloudy sky with moderate rain,No warning
2026-07-15 13:54:57.814728,Mumbai-Colaba,20-JUL,32,26,Generally cloudy sky with moderate rain,No warning
2026-07-15 13:54:57.856315,Mumbai-Colaba,21-JUL,32,26,Generally cloudy sky with moderate rain,No warning
2026-07-15 19:21:00.482463,Mumbai-Colaba,15-JUL,33,26,Partly cloudy sky with one or two spells of rain or thundershowers,No warning
2026-07-15 19:21:00.523639,Mumbai-Colaba,16-JUL,33,25,Generally cloudy sky with Light rain,No warning
2026-07-15 19:21:00.566254,Mumbai-Colaba,17-JUL,32,25,Generally cloudy sky with Light rain,No warning
2026-07-15 19:21:00.607651,Mumbai-Colaba,18-JUL,32,26,Generally cloudy sky with moderate rain,No warning
2026-07-15 19:21:00.647964,Mumbai-Colaba,19-JUL,32,26,Generally cloudy sky with moderate rain,No warning
2026-07-15 19:21:00.685920,Mumbai-Colaba,20-JUL,32,26,Generally cloudy sky with moderate rain,No warning
2026-07-15 19:21:00.724831,Mumbai-Colaba,21-JUL,32,26,Generally cloudy sky with moderate rain,No warning
2026-07-16 03:15:00.621228,Mumbai-Colaba,16-JUL,33,25,Generally cloudy sky with Light rain,No warning
2026-07-16 03:15:00.664405,Mumbai-Colaba,17-JUL,32,25,Generally cloudy sky with Light rain,No warning
2026-07-16 03:15:00.707458,Mumbai-Colaba,18-JUL,32,26,Generally cloudy sky with moderate rain,No warning
2026-07-16 03:15:00.750052,Mumbai-Colaba,19-JUL,32,26,Generally cloudy sky with moderate rain,No warning
2026-07-16 03:15:00.791274,Mumbai-Colaba,20-JUL,32,26,Generally cloudy sky with moderate rain,No warning
2026-07-16 03:15:00.829298,Mumbai-Colaba,21-JUL,32,26,Generally cloudy sky with moderate rain,No warning
2026-07-16 08:24:11.823629,Mumbai-Colaba,16-JUL,32,26,Partly cloudy sky with one or two spells of rain or thundershowers,No warning
2026-07-16 08:24:11.870153,Mumbai-Colaba,17-JUL,32,25,Generally cloudy sky with Light rain,No warning
2026-07-16 08:24:11.916394,Mumbai-Colaba,18-JUL,32,25,Generally cloudy sky with moderate rain,No warning
2026-07-16 08:24:11.962688,Mumbai-Colaba,19-JUL,32,25,Generally cloudy sky with moderate rain,No warning
2026-07-16 08:24:12.007976,Mumbai-Colaba,20-JUL,31,25,Generally cloudy sky with moderate rain,No warning
2026-07-16 08:24:12.048990,Mumbai-Colaba,21-JUL,31,25,Generally cloudy sky with moderate rain,No warning
2026-07-16 08:24:12.090423,Mumbai-Colaba,22-JUL,31,25,Generally cloudy sky with moderate rain,No warning
2026-07-16 14:07:05.190330,Mumbai-Colaba,16-JUL,32,26,Partly cloudy sky with one or two spells of rain or thundershowers,No warning
2026-07-16 14:07:05.234451,Mumbai-Colaba,17-JUL,32,25,Generally cloudy sky with Light rain,No warning
2026-07-16 14:07:05.279452,Mumbai-Colaba,18-JUL,32,25,Generally cloudy sky with moderate rain,No warning
2026-07-16 14:07:05.323679,Mumbai-Colaba,19-JUL,32,25,Generally cloudy sky with moderate rain,No warning
2026-07-16 14:07:05.367177,Mumbai-Colaba,20-JUL,31,25,Generally cloudy sky with moderate rain,No warning
2026-07-16 14:07:05.407365,Mumbai-Colaba,21-JUL,31,25,Generally cloudy sky with moderate rain,No warning
2026-07-16 14:07:05.447451,Mumbai-Colaba,22-JUL,31,25,Generally cloudy sky with moderate rain,No warning
2026-07-16 19:22:04.660682,Mumbai-Colaba,16-JUL,32,26,Partly cloudy sky with one or two spells of rain or thundershowers,No warning
2026-07-16 19:22:04.713095,Mumbai-Colaba,17-JUL,32,25,Generally cloudy sky with Light rain,No warning
2026-07-16 19:22:04.761107,Mumbai-Colaba,18-JUL,32,25,Generally cloudy sky with moderate rain,No warning
2026-07-16 19:22:04.807944,Mumbai-Colaba,19-JUL,32,25,Generally cloudy sky with moderate rain,No warning
2026-07-16 19:22:04.852447,Mumbai-Colaba,20-JUL,31,25,Generally cloudy sky with moderate rain,No warning
2026-07-16 19:22:04.894627,Mumbai-Colaba,21-JUL,31,25,Generally cloudy sky with moderate rain,No warning
2026-07-16 19:22:04.937038,Mumbai-Colaba,22-JUL,31,25,Generally cloudy sky with moderate rain,No warning
2026-07-17 03:18:02.377050,Mumbai-Colaba,17-JUL,32,25,Generally cloudy sky with Light rain,No warning
2026-07-17 03:18:02.422064,Mumbai-Colaba,18-JUL,32,25,Generally cloudy sky with moderate rain,No warning
2026-07-17 03:18:02.467953,Mumbai-Colaba,19-JUL,32,25,Generally cloudy sky with moderate rain,No warning
2026-07-17 03:18:02.514557,Mumbai-Colaba,20-JUL,31,25,Generally cloudy sky with moderate rain,No warning
2026-07-17 03:18:02.559273,Mumbai-Colaba,21-JUL,31,25,Generally cloudy sky with moderate rain,No warning
2026-07-17 03:18:02.600800,Mumbai-Colaba,22-JUL,31,25,Generally cloudy sky with moderate rain,No warning
2026-07-17 08:20:50.480954,Mumbai-Colaba,17-JUL,32,25,Generally cloudy sky with Light rain,No warning
2026-07-17 08:20:50.526471,Mumbai-Colaba,18-JUL,32,25,Generally cloudy sky with moderate rain,No warning
2026-07-17 08:20:50.572502,Mumbai-Colaba,19-JUL,32,25,Generally cloudy sky with moderate rain,No warning
2026-07-17 08:20:50.619286,Mumbai-Colaba,20-JUL,31,25,Generally cloudy sky with moderate rain,No warning
2026-07-17 08:20:50.663368,Mumbai-Colaba,21-JUL,31,25,Generally cloudy sky with moderate rain,No warning
2026-07-17 08:20:50.704203,Mumbai-Colaba,22-JUL,31,25,Generally cloudy sky with moderate rain,No warning
2026-07-17 13:51:25.867286,Mumbai-Colaba,17-JUL,32,28,Generally cloudy sky with Light rain,No warning
2026-07-17 13:51:25.905673,Mumbai-Colaba,18-JUL,32,27,Generally cloudy sky with moderate rain,No warning
2026-07-17 13:51:25.944702,Mumbai-Colaba,19-JUL,32,26,Generally cloudy sky with moderate rain,No warning
2026-07-17 13:51:25.983366,Mumbai-Colaba,20-JUL,31,26,Generally cloudy sky with moderate rain,No warning
2026-07-17 13:51:26.015605,Mumbai-Colaba,21-JUL,31,25,Generally cloudy sky with moderate rain,No warning
2026-07-17 13:51:26.045645,Mumbai-Colaba,22-JUL,31,25,Generally cloudy sky with moderate rain,No warning
2026-07-17 13:51:26.075761,Mumbai-Colaba,23-JUL,31,25,Generally cloudy sky with moderate rain,No warning
2026-07-17 19:19:52.465230,Mumbai-Colaba,17-JUL,32,28,Generally cloudy sky with Light rain,No warning
2026-07-17 19:19:52.503388,Mumbai-Colaba,18-JUL,32,27,Generally cloudy sky with moderate rain,No warning
2026-07-17 19:19:52.542052,Mumbai-Colaba,19-JUL,32,26,Generally cloudy sky with moderate rain,No warning
2026-07-17 19:19:52.579751,Mumbai-Colaba,20-JUL,31,26,Generally cloudy sky with moderate rain,No warning
2026-07-17 19:19:52.617950,Mumbai-Colaba,21-JUL,31,25,Generally cloudy sky with moderate rain,No warning
2026-07-17 19:19:52.652858,Mumbai-Colaba,22-JUL,31,25,Generally cloudy sky with moderate rain,No warning
2026-07-17 19:19:52.688906,Mumbai-Colaba,23-JUL,31,25,Generally cloudy sky with moderate rain,No warning
2026-07-18 02:55:07.912673,Mumbai-Colaba,17-JUL,32,28,Generally cloudy sky with Light rain,No warning
2026-07-18 02:55:07.957296,Mumbai-Colaba,18-JUL,32,27,Generally cloudy sky with moderate rain,No warning
2026-07-18 02:55:08.001205,Mumbai-Colaba,19-JUL,32,26,Generally cloudy sky with moderate rain,No warning
2026-07-18 02:55:08.044593,Mumbai-Colaba,20-JUL,31,26,Generally cloudy sky with moderate rain,No warning
2026-07-18 02:55:08.086786,Mumbai-Colaba,21-JUL,31,25,Generally cloudy sky with moderate rain,No warning
2026-07-18 02:55:08.124866,Mumbai-Colaba,22-JUL,31,25,Generally cloudy sky with moderate rain,No warning
2026-07-18 02:55:08.163044,Mumbai-Colaba,23-JUL,31,25,Generally cloudy sky with moderate rain,No warning
2026-07-18 08:02:19.936997,Mumbai-Colaba,18-JUL,32,27,Generally cloudy sky with moderate rain,No warning
2026-07-18 08:02:19.980296,Mumbai-Colaba,19-JUL,32,26,Generally cloudy sky with moderate rain,No warning
2026-07-18 08:02:20.024597,Mumbai-Colaba,20-JUL,31,26,Generally cloudy sky with moderate rain,No warning
2026-07-18 08:02:20.068885,Mumbai-Colaba,21-JUL,31,26,Generally cloudy sky with moderate rain,No warning
2026-07-18 08:02:20.111700,Mumbai-Colaba,22-JUL,31,26,Generally cloudy sky with moderate rain,No warning
2026-07-18 08:02:20.151241,Mumbai-Colaba,23-JUL,31,26,Generally cloudy sky with moderate rain,No warning
2026-07-18 08:02:20.191167,Mumbai-Colaba,24-JUL,31,26,Generally cloudy sky with moderate rain,No warning
2026-07-18 13:28:20.673703,Mumbai-Colaba,18-JUL,32,27,Generally cloudy sky with moderate rain,No warning
2026-07-18 13:28:20.718650,Mumbai-Colaba,19-JUL,32,26,Generally cloudy sky with moderate rain,No warning
2026-07-18 13:28:20.764651,Mumbai-Colaba,20-JUL,31,26,Generally cloudy sky with moderate rain,No warning
2026-07-18 13:28:20.811640,Mumbai-Colaba,21-JUL,31,26,Generally cloudy sky with moderate rain,No warning
2026-07-18 13:28:20.856499,Mumbai-Colaba,22-JUL,31,26,Generally cloudy sky with moderate rain,No warning
2026-07-18 13:28:20.898344,Mumbai-Colaba,23-JUL,31,26,Generally cloudy sky with moderate rain,No warning
2026-07-18 13:28:20.939358,Mumbai-Colaba,24-JUL,31,26,Generally cloudy sky with moderate rain,No warning
2026-07-18 19:13:10.000686,Mumbai-Colaba,18-JUL,32,27,Generally cloudy sky with moderate rain,No warning
2026-07-18 19:13:10.044636,Mumbai-Colaba,19-JUL,32,26,Generally cloudy sky with moderate rain,No warning
2026-07-18 19:13:10.090009,Mumbai-Colaba,20-JUL,31,26,Generally cloudy sky with moderate rain,No warning
2026-07-18 19:13:10.134057,Mumbai-Colaba,21-JUL,31,26,Generally cloudy sky with moderate rain,No warning
2026-07-18 19:13:10.177509,Mumbai-Colaba,22-JUL,31,26,Generally cloudy sky with moderate rain,No warning
2026-07-18 19:13:10.217614,Mumbai-Colaba,23-JUL,31,26,Generally cloudy sky with moderate rain,No warning
2026-07-18 19:13:10.257945,Mumbai-Colaba,24-JUL,31,26,Generally cloudy sky with moderate rain,No warning
2026-07-19 03:26:49.635655,Mumbai-Colaba,19-JUL,32,26,Generally cloudy sky with moderate rain,No warning
2026-07-19 03:26:49.680511,Mumbai-Colaba,20-JUL,31,26,Generally cloudy sky with moderate rain,No warning
2026-07-19 03:26:49.725511,Mumbai-Colaba,21-JUL,31,26,Generally cloudy sky with moderate rain,No warning
2026-07-19 03:26:49.769334,Mumbai-Colaba,22-JUL,31,26,Generally cloudy sky with moderate rain,No warning
2026-07-19 03:26:49.811966,Mumbai-Colaba,23-JUL,31,26,Generally cloudy sky with moderate rain,No warning
2026-07-19 03:26:49.850599,Mumbai-Colaba,24-JUL,31,26,Generally cloudy sky with moderate rain,No warning
2026-07-19 03:26:49.889846,Mumbai-Colaba,25-JUL,31,26,Generally cloudy sky with moderate rain,No warning
2026-07-19 08:28:26.277705,Mumbai-Colaba,19-JUL,30,25,Generally cloudy sky with moderate rain,No warning
2026-07-19 08:28:26.322037,Mumbai-Colaba,20-JUL,32,26,Generally cloudy sky with moderate rain,No warning
2026-07-19 08:28:26.366785,Mumbai-Colaba,21-JUL,31,26,Generally cloudy sky with moderate rain,No warning
2026-07-19 08:28:26.411533,Mumbai-Colaba,22-JUL,31,26,Generally cloudy sky with moderate rain,No warning
2026-07-19 08:28:26.454584,Mumbai-Colaba,23-JUL,30,25,Generally cloudy sky with moderate rain,No warning
2026-07-19 08:28:26.494738,Mumbai-Colaba,24-JUL,31,26,Generally cloudy sky with Heavy rain,No warning
2026-07-19 08:28:26.534589,Mumbai-Colaba,25-JUL,31,26,Generally cloudy sky with Heavy rain,No warning
2026-07-19 13:37:33.542217,Mumbai-Colaba,19-JUL,30,25,Generally cloudy sky with moderate rain,No warning
2026-07-19 13:37:33.591650,Mumbai-Colaba,20-JUL,32,26,Generally cloudy sky with moderate rain,No warning
2026-07-19 13:37:33.639633,Mumbai-Colaba,21-JUL,31,26,Generally cloudy sky with moderate rain,No warning
2026-07-19 13:37:33.688514,Mumbai-Colaba,22-JUL,31,26,Generally cloudy sky with moderate rain,No warning
2026-07-19 13:37:33.734592,Mumbai-Colaba,23-JUL,30,25,Generally cloudy sky with moderate rain,No warning
2026-07-19 13:37:33.777249,Mumbai-Colaba,24-JUL,31,26,Generally cloudy sky with Heavy rain,No warning
2026-07-19 13:37:33.819620,Mumbai-Colaba,25-JUL,31,26,Generally cloudy sky with Heavy rain,No warning
2026-07-19 19:14:53.733893,Mumbai-Colaba,19-JUL,30,25,Generally cloudy sky with moderate rain,No warning
2026-07-19 19:14:53.786058,Mumbai-Colaba,20-JUL,32,26,Generally cloudy sky with moderate rain,No warning
2026-07-19 19:14:53.839352,Mumbai-Colaba,21-JUL,31,26,Generally cloudy sky with moderate rain,No warning
2026-07-19 19:14:53.891107,Mumbai-Colaba,22-JUL,31,26,Generally cloudy sky with moderate rain,No warning
2026-07-19 19:14:53.940106,Mumbai-Colaba,23-JUL,30,25,Generally cloudy sky with moderate rain,No warning
2026-07-19 19:14:53.985377,Mumbai-Colaba,24-JUL,31,26,Generally cloudy sky with Heavy rain,No warning
2026-07-19 19:14:54.031743,Mumbai-Colaba,25-JUL,31,26,Generally cloudy sky with Heavy rain,No warning
2026-07-20 03:40:41.788239,Mumbai-Colaba,20-JUL,32,26,Generally cloudy sky with moderate rain,No warning
2026-07-20 03:40:41.834710,Mumbai-Colaba,21-JUL,31,26,Generally cloudy sky with moderate rain,No warning
2026-07-20 03:40:41.882085,Mumbai-Colaba,22-JUL,31,26,Generally cloudy sky with moderate rain,No warning
2026-07-20 03:40:41.929061,Mumbai-Colaba,23-JUL,30,25,Generally cloudy sky with moderate rain,No warning
2026-07-20 03:40:41.974585,Mumbai-Colaba,24-JUL,31,26,Generally cloudy sky with Heavy rain,No warning
2026-07-20 03:40:42.017199,Mumbai-Colaba,25-JUL,31,26,Generally cloudy sky with Heavy rain,No warning
2026-07-20 03:40:42.059350,Mumbai-Colaba,26-JUL,31,26,Generally cloudy sky with Heavy rain,No warning
2026-07-20 09:26:37.795613,Mumbai-Colaba,20-JUL,28,26,Generally cloudy sky with Heavy rain,Heavy Rainfall
2026-07-20 09:26:37.838522,Mumbai-Colaba,21-JUL,27,26,Generally cloudy sky with Heavy rain,Heavy to Very Heavy Rainfall
2026-07-20 09:26:37.881428,Mumbai-Colaba,22-JUL,28,26,Generally cloudy sky with Heavy rain,Heavy Rainfall
2026-07-20 09:26:37.924247,Mumbai-Colaba,23-JUL,30,25,Generally cloudy sky with Heavy rain,Heavy Rainfall
2026-07-20 09:26:37.966214,Mumbai-Colaba,24-JUL,30,26,Generally cloudy sky with moderate rain,No warning
2026-07-20 09:26:38.004164,Mumbai-Colaba,25-JUL,29,26,Generally cloudy sky with moderate rain,No warning
2026-07-20 09:26:38.042053,Mumbai-Colaba,26-JUL,29,26,Generally cloudy sky with moderate rain,No warning
2026-07-20 14:21:09.880791,Mumbai-Colaba,20-JUL,28,26,Generally cloudy sky with Heavy rain,Heavy Rainfall
2026-07-20 14:21:09.932269,Mumbai-Colaba,21-JUL,27,26,Generally cloudy sky with Heavy rain,Heavy to Very Heavy Rainfall
2026-07-20 14:21:09.983872,Mumbai-Colaba,22-JUL,28,26,Generally cloudy sky with Heavy rain,Heavy Rainfall
2026-07-20 14:21:10.033699,Mumbai-Colaba,23-JUL,30,25,Generally cloudy sky with Heavy rain,Heavy Rainfall
2026-07-20 14:21:10.081798,Mumbai-Colaba,24-JUL,30,26,Generally cloudy sky with moderate rain,No warning
2026-07-20 14:21:10.126135,Mumbai-Colaba,25-JUL,29,26,Generally cloudy sky with moderate rain,No warning
2026-07-20 14:21:10.171906,Mumbai-Colaba,26-JUL,29,26,Generally cloudy sky with moderate rain,No warning
2026-07-20 19:50:30.972428,Mumbai-Colaba,20-JUL,28,26,Generally cloudy sky with Heavy rain,Heavy Rainfall
2026-07-20 19:50:31.023022,Mumbai-Colaba,21-JUL,27,26,Generally cloudy sky with Heavy rain,Heavy to Very Heavy Rainfall
2026-07-20 19:50:31.072017,Mumbai-Colaba,22-JUL,28,26,Generally cloudy sky with Heavy rain,Heavy Rainfall
2026-07-20 19:50:31.120301,Mumbai-Colaba,23-JUL,30,25,Generally cloudy sky with Heavy rain,Heavy Rainfall
2026-07-20 19:50:31.167065,Mumbai-Colaba,24-JUL,30,26,Generally cloudy sky with moderate rain,No warning
2026-07-20 19:50:31.213396,Mumbai-Colaba,25-JUL,29,26,Generally cloudy sky with moderate rain,No warning
2026-07-20 19:50:31.264279,Mumbai-Colaba,26-JUL,29,26,Generally cloudy sky with moderate rain,No warning
2026-07-21 03:20:46.401430,Mumbai-Colaba,21-JUL,27,26,Generally cloudy sky with Heavy rain,Heavy to Very Heavy Rainfall
2026-07-21 03:20:46.447015,Mumbai-Colaba,22-JUL,28,26,Generally cloudy sky with Heavy rain,Heavy Rainfall
2026-07-21 03:20:46.492699,Mumbai-Colaba,23-JUL,30,25,Generally cloudy sky with Heavy rain,Heavy Rainfall
2026-07-21 03:20:46.537716,Mumbai-Colaba,24-JUL,30,26,Generally cloudy sky with moderate rain,No warning
2026-07-21 03:20:46.581525,Mumbai-Colaba,25-JUL,29,26,Generally cloudy sky with moderate rain,No warning
2026-07-21 03:20:46.622065,Mumbai-Colaba,26-JUL,29,26,Generally cloudy sky with moderate rain,No warning
2026-07-21 08:38:27.782247,Mumbai-Colaba,21-JUL,30,24,Generally cloudy sky with Heavy rain,Heavy Rainfall
2026-07-21 08:38:27.826091,Mumbai-Colaba,22-JUL,29,25,Generally cloudy sky with Heavy rain,Heavy to Very Heavy Rainfall
2026-07-21 08:38:27.870219,Mumbai-Colaba,23-JUL,30,25,Generally cloudy sky with Heavy rain,Heavy Rainfall
2026-07-21 08:38:27.913969,Mumbai-Colaba,24-JUL,30,26,Generally cloudy sky with moderate rain,No warning
2026-07-21 08:38:27.956609,Mumbai-Colaba,25-JUL,29,26,Generally cloudy sky with moderate rain,No warning
2026-07-21 08:38:27.994986,Mumbai-Colaba,26-JUL,29,26,Generally cloudy sky with moderate rain,No warning
2026-07-21 08:38:28.033579,Mumbai-Colaba,27-JUL,29,26,Generally cloudy sky with moderate rain,No warning
2026-07-21 14:07:13.392551,Mumbai-Colaba,21-JUL,30,24,Generally cloudy sky with Heavy rain,Heavy Rainfall
2026-07-21 14:07:13.438848,Mumbai-Colaba,22-JUL,29,25,Generally cloudy sky with Heavy rain,Heavy to Very Heavy Rainfall
2026-07-21 14:07:13.485209,Mumbai-Colaba,23-JUL,30,25,Generally cloudy sky with Heavy rain,Heavy Rainfall
2026-07-21 14:07:13.530870,Mumbai-Colaba,24-JUL,30,26,Generally cloudy sky with moderate rain,No warning
2026-07-21 14:07:13.575236,Mumbai-Colaba,25-JUL,29,26,Generally cloudy sky with moderate rain,No warning
2026-07-21 14:07:13.616591,Mumbai-Colaba,26-JUL,29,26,Generally cloudy sky with moderate rain,No warning
2026-07-21 14:07:13.658239,Mumbai-Colaba,27-JUL,29,26,Generally cloudy sky with moderate rain,No warning
2026-07-21 19:40:03.416728,Mumbai-Colaba,21-JUL,30,24,Generally cloudy sky with Heavy rain,Heavy Rainfall
2026-07-21 19:40:03.457946,Mumbai-Colaba,22-JUL,29,25,Generally cloudy sky with Heavy rain,Heavy to Very Heavy Rainfall
2026-07-21 19:40:03.499947,Mumbai-Colaba,23-JUL,30,25,Generally cloudy sky with Heavy rain,Heavy Rainfall
2026-07-21 19:40:03.542042,Mumbai-Colaba,24-JUL,30,26,Generally cloudy sky with moderate rain,No warning
2026-07-21 19:40:03.585822,Mumbai-Colaba,25-JUL,29,26,Generally cloudy sky with moderate rain,No warning
2026-07-21 19:40:03.625048,Mumbai-Colaba,26-JUL,29,26,Generally cloudy sky with moderate rain,No warning
2026-07-21 19:40:03.663962,Mumbai-Colaba,27-JUL,29,26,Generally cloudy sky with moderate rain,No warning
2026-07-22 03:19:02.406743,Mumbai-Colaba,22-JUL,29,25,Generally cloudy sky with Heavy rain,Heavy to Very Heavy Rainfall
2026-07-22 03:19:02.450408,Mumbai-Colaba,23-JUL,30,25,Generally cloudy sky with Heavy rain,Heavy Rainfall
2026-07-22 03:19:02.494031,Mumbai-Colaba,24-JUL,30,26,Generally cloudy sky with moderate rain,No warning
2026-07-22 03:19:02.537006,Mumbai-Colaba,25-JUL,29,26,Generally cloudy sky with moderate rain,No warning
2026-07-22 03:19:02.578689,Mumbai-Colaba,26-JUL,29,26,Generally cloudy sky with moderate rain,No warning
2026-07-22 03:19:02.616686,Mumbai-Colaba,27-JUL,29,26,Generally cloudy sky with moderate rain,No warning
2026-07-22 03:19:02.655484,Mumbai-Colaba,28-JUL,29,26,Generally cloudy sky with moderate rain,No warning
2026-07-22 08:39:02.943337,Mumbai-Colaba,22-JUL,29,25,Generally cloudy sky with Heavy rain,Heavy to Very Heavy Rainfall
2026-07-22 08:39:02.988343,Mumbai-Colaba,23-JUL,30,25,Generally cloudy sky with Heavy rain,Heavy Rainfall
2026-07-22 08:39:03.033353,Mumbai-Colaba,24-JUL,30,26,Generally cloudy sky with moderate rain,No warning
2026-07-22 08:39:03.077116,Mumbai-Colaba,25-JUL,29,26,Generally cloudy sky with moderate rain,No warning
2026-07-22 08:39:03.119228,Mumbai-Colaba,26-JUL,29,26,Generally cloudy sky with moderate rain,No warning
2026-07-22 08:39:03.158973,Mumbai-Colaba,27-JUL,29,26,Generally cloudy sky with moderate rain,No warning
2026-07-22 08:39:03.197918,Mumbai-Colaba,28-JUL,29,26,Generally cloudy sky with moderate rain,No warning
2026-07-22 14:09:44.244899,Mumbai-Colaba,22-JUL,29,25,Generally cloudy sky with Heavy rain,Heat Wave
2026-07-22 14:09:44.270086,Mumbai-Colaba,23-JUL,30,25,Warm Night,Heat Wave
2026-07-22 14:09:44.295168,Mumbai-Colaba,24-JUL,30,26,Generally cloudy sky with moderate rain,No warning
2026-07-22 14:09:44.319967,Mumbai-Colaba,25-JUL,29,26,Generally cloudy sky with moderate rain,No warning
2026-07-22 14:09:44.343863,Mumbai-Colaba,26-JUL,29,26,Generally cloudy sky with moderate rain,No warning
2026-07-22 14:09:44.365437,Mumbai-Colaba,27-JUL,29,26,Generally cloudy sky with moderate rain,No warning
2026-07-22 14:09:44.386864,Mumbai-Colaba,28-JUL,29,26,Generally cloudy sky with moderate rain,No warning
2026-07-22 19:36:01.036511,Mumbai-Colaba,22-JUL,29,25,Generally cloudy sky with Heavy rain,Heat Wave
2026-07-22 19:36:01.082512,Mumbai-Colaba,23-JUL,30,25,Warm Night,Heat Wave
2026-07-22 19:36:01.128341,Mumbai-Colaba,24-JUL,30,26,Generally cloudy sky with moderate rain,No warning
2026-07-22 19:36:01.173923,Mumbai-Colaba,25-JUL,29,26,Generally cloudy sky with moderate rain,No warning
2026-07-22 19:36:01.217717,Mumbai-Colaba,26-JUL,29,26,Generally cloudy sky with moderate rain,No warning
2026-07-22 19:36:01.259105,Mumbai-Colaba,27-JUL,29,26,Generally cloudy sky with moderate rain,No warning
2026-07-22 19:36:01.304212,Mumbai-Colaba,28-JUL,29,26,Generally cloudy sky with moderate rain,No warning
2026-07-23 03:25:43.339478,Mumbai-Colaba,23-JUL,30,25,Generally cloudy sky with Heavy rain,Heavy to Very Heavy Rainfall
2026-07-23 03:25:43.384680,Mumbai-Colaba,24-JUL,30,26,Generally cloudy sky with moderate rain,No warning
2026-07-23 03:25:43.431094,Mumbai-Colaba,25-JUL,29,26,Generally cloudy sky with moderate rain,No warning
2026-07-23 03:25:43.476325,Mumbai-Colaba,26-JUL,29,26,Generally cloudy sky with moderate rain,No warning
2026-07-23 03:25:43.520455,Mumbai-Colaba,27-JUL,29,26,Generally cloudy sky with moderate rain,No warning
2026-07-23 03:25:43.561831,Mumbai-Colaba,28-JUL,29,26,Generally cloudy sky with moderate rain,No warning
2026-07-23 03:25:43.603821,Mumbai-Colaba,29-JUL,29,26,Generally cloudy sky with moderate rain,No warning
2026-07-23 08:39:40.635001,Mumbai-Colaba,23-JUL,28,25,Generally cloudy sky with Heavy rain,Heavy to Very Heavy Rainfall
2026-07-23 08:39:40.681557,Mumbai-Colaba,24-JUL,29,26,Generally cloudy sky with Heavy rain,Heavy to Very Heavy Rainfall
2026-07-23 08:39:40.727101,Mumbai-Colaba,25-JUL,29,26,Generally cloudy sky with Heavy rain,Heavy Rainfall
2026-07-23 08:39:40.771230,Mumbai-Colaba,26-JUL,29,26,Generally cloudy sky with moderate rain,No warning
2026-07-23 08:39:40.815330,Mumbai-Colaba,27-JUL,29,26,Generally cloudy sky with moderate rain,No warning
2026-07-23 08:39:40.856778,Mumbai-Colaba,28-JUL,29,26,Generally cloudy sky with moderate rain,No warning
2026-07-23 08:39:40.897782,Mumbai-Colaba,29-JUL,29,26,Generally cloudy sky with moderate rain,No warning
2026-07-23 14:16:07.967157,Mumbai-Colaba,23-JUL,28,25,Generally cloudy sky with Heavy rain,Heavy to Very Heavy Rainfall
2026-07-23 14:16:07.991920,Mumbai-Colaba,24-JUL,29,26,Generally cloudy sky with Heavy rain,Heavy to Very Heavy Rainfall
2026-07-23 14:16:08.016735,Mumbai-Colaba,25-JUL,29,26,Generally cloudy sky with Heavy rain,Heavy Rainfall
2026-07-23 14:16:08.041628,Mumbai-Colaba,26-JUL,29,26,Generally cloudy sky with moderate rain,No warning
2026-07-23 14:16:08.065498,Mumbai-Colaba,27-JUL,29,26,Generally cloudy sky with moderate rain,No warning
2026-07-23 14:16:08.086864,Mumbai-Colaba,28-JUL,29,26,Generally cloudy sky with moderate rain,No warning
2026-07-23 14:16:08.108262,Mumbai-Colaba,29-JUL,29,26,Generally cloudy sky with moderate rain,No warning
2026-07-23 19:28:24.328568,Mumbai-Colaba,23-JUL,28,25,Generally cloudy sky with Heavy rain,Heavy to Very Heavy Rainfall
2026-07-23 19:28:24.375345,Mumbai-Colaba,24-JUL,29,26,Generally cloudy sky with Heavy rain,Heavy to Very Heavy Rainfall
2026-07-23 19:28:24.422383,Mumbai-Colaba,25-JUL,29,26,Generally cloudy sky with Heavy rain,Heavy Rainfall
2026-07-23 19:28:24.468513,Mumbai-Colaba,26-JUL,29,26,Generally cloudy sky with moderate rain,No warning
2026-07-23 19:28:24.513170,Mumbai-Colaba,27-JUL,29,26,Generally cloudy sky with moderate rain,No warning
2026-07-23 19:28:24.555335,Mumbai-Colaba,28-JUL,29,26,Generally cloudy sky with moderate rain,No warning
2026-07-23 19:28:24.598164,Mumbai-Colaba,29-JUL,29,26,Generally cloudy sky with moderate rain,No warning
2026-07-24 03:19:37.668674,Mumbai-Colaba,24-JUL,29,26,Generally cloudy sky with Heavy rain,Heavy to Very Heavy Rainfall
2026-07-24 03:19:37.712282,Mumbai-Colaba,25-JUL,29,26,Generally cloudy sky with Heavy rain,Heavy Rainfall
2026-07-24 03:19:37.758446,Mumbai-Colaba,26-JUL,29,26,Generally cloudy sky with moderate rain,No warning
2026-07-24 03:19:37.802050,Mumbai-Colaba,27-JUL,29,26,Generally cloudy sky with moderate rain,No warning
2026-07-24 03:19:37.843708,Mumbai-Colaba,28-JUL,29,26,Generally cloudy sky with moderate rain,No warning
2026-07-24 03:19:37.882276,Mumbai-Colaba,29-JUL,29,26,Generally cloudy sky with moderate rain,No warning
2026-07-24 08:35:48.892552,Mumbai-Colaba,24-JUL,29,26,Generally cloudy sky with Heavy rain,Heavy to Very Heavy Rainfall
2026-07-24 08:35:48.935800,Mumbai-Colaba,25-JUL,29,26,Generally cloudy sky with Heavy rain,Heavy Rainfall
2026-07-24 08:35:48.979252,Mumbai-Colaba,26-JUL,29,26,Generally cloudy sky with moderate rain,No warning
2026-07-24 08:35:49.023100,Mumbai-Colaba,27-JUL,29,26,Generally cloudy sky with moderate rain,No warning
2026-07-24 08:35:49.065883,Mumbai-Colaba,28-JUL,29,26,Generally cloudy sky with moderate rain,No warning
2026-07-24 08:35:49.104718,Mumbai-Colaba,29-JUL,29,26,Generally cloudy sky with moderate rain,No warning
2026-07-24 08:35:49.144293,Mumbai-Colaba,30-JUL,29,26,Generally cloudy sky with moderate rain,No warning
2026-07-24 13:57:42.707015,Mumbai-Colaba,24-JUL,29,26,Generally cloudy sky with Heavy rain,Heavy to Very Heavy Rainfall
2026-07-24 13:57:42.753905,Mumbai-Colaba,25-JUL,29,26,Generally cloudy sky with Heavy rain,Heavy Rainfall
2026-07-24 13:57:42.800061,Mumbai-Colaba,26-JUL,29,26,Generally cloudy sky with moderate rain,No warning
2026-07-24 13:57:42.846942,Mumbai-Colaba,27-JUL,29,26,Generally cloudy sky with moderate rain,No warning
2026-07-24 13:57:42.891695,Mumbai-Colaba,28-JUL,29,26,Generally cloudy sky with moderate rain,No warning
2026-07-24 13:57:42.933263,Mumbai-Colaba,29-JUL,29,26,Generally cloudy sky with moderate rain,No warning
2026-07-24 13:57:42.976031,Mumbai-Colaba,30-JUL,29,26,Generally cloudy sky with moderate rain,No warning
2026-07-24 19:38:52.444093,Mumbai-Colaba,24-JUL,29,26,Generally cloudy sky with Heavy rain,Heavy to Very Heavy Rainfall
2026-07-24 19:38:52.492268,Mumbai-Colaba,25-JUL,29,26,Generally cloudy sky with Heavy rain,Heavy Rainfall
2026-07-24 19:38:52.543370,Mumbai-Colaba,26-JUL,29,26,Generally cloudy sky with moderate rain,No warning
2026-07-24 19:38:52.593719,Mumbai-Colaba,27-JUL,29,26,Generally cloudy sky with moderate rain,No warning
2026-07-24 19:38:52.642891,Mumbai-Colaba,28-JUL,29,26,Generally cloudy sky with moderate rain,No warning
2026-07-24 19:38:52.691958,Mumbai-Colaba,29-JUL,29,26,Generally cloudy sky with moderate rain,No warning
2026-07-24 19:38:52.737760,Mumbai-Colaba,30-JUL,29,26,Generally cloudy sky with moderate rain,No warning
2026-07-25 03:18:24.431776,Mumbai-Colaba,25-JUL,29,26,Generally cloudy sky with Heavy rain,Heavy Rainfall
2026-07-25 03:18:24.481280,Mumbai-Colaba,26-JUL,29,26,Generally cloudy sky with moderate rain,No warning
2026-07-25 03:18:24.530513,Mumbai-Colaba,27-JUL,29,26,Generally cloudy sky with moderate rain,No warning
2026-07-25 03:18:24.577907,Mumbai-Colaba,28-JUL,29,26,Generally cloudy sky with moderate rain,No warning
2026-07-25 03:18:24.625835,Mumbai-Colaba,29-JUL,29,26,Generally cloudy sky with moderate rain,No warning
2026-07-25 03:18:24.670837,Mumbai-Colaba,30-JUL,29,26,Generally cloudy sky with moderate rain,No warning
2026-07-25 08:15:32.084950,Mumbai-Colaba,25-JUL,31,26,Generally cloudy sky with Light rain,No warning
2026-07-25 08:15:32.131979,Mumbai-Colaba,26-JUL,30,26,Generally cloudy sky with moderate rain,No warning
2026-07-25 08:15:32.179164,Mumbai-Colaba,27-JUL,31,26,Generally cloudy sky with moderate rain,No warning
2026-07-25 08:15:32.225802,Mumbai-Colaba,28-JUL,31,26,Generally cloudy sky with Light rain,No warning
2026-07-25 08:15:32.271682,Mumbai-Colaba,29-JUL,32,27,Generally cloudy sky with Light rain,No warning
2026-07-25 08:15:32.313654,Mumbai-Colaba,30-JUL,32,27,Generally cloudy sky with Light rain,No warning
2026-07-25 08:15:32.356454,Mumbai-Colaba,31-JUL,31,26,Generally cloudy sky with Light rain,No warning
2026-07-25 13:48:12.470799,Mumbai-Colaba,25-JUL,31,26,Generally cloudy sky with Light rain,No warning
2026-07-25 13:48:12.516051,Mumbai-Colaba,26-JUL,30,26,Generally cloudy sky with moderate rain,No warning
2026-07-25 13:48:12.561962,Mumbai-Colaba,27-JUL,31,26,Generally cloudy sky with moderate rain,No warning
2026-07-25 13:48:12.607379,Mumbai-Colaba,28-JUL,31,26,Generally cloudy sky with Light rain,No warning
2026-07-25 13:48:12.651931,Mumbai-Colaba,29-JUL,32,27,Generally cloudy sky with Light rain,No warning
2026-07-25 13:48:12.692911,Mumbai-Colaba,30-JUL,32,27,Generally cloudy sky with Light rain,No warning
2026-07-25 13:48:12.734020,Mumbai-Colaba,31-JUL,31,26,Generally cloudy sky with Light rain,No warning
2026-07-25 19:17:33.793545,Mumbai-Colaba,25-JUL,31,26,Generally cloudy sky with Light rain,No warning
2026-07-25 19:17:33.842569,Mumbai-Colaba,26-JUL,30,26,Generally cloudy sky with moderate rain,No warning
2026-07-25 19:17:33.891840,Mumbai-Colaba,27-JUL,31,26,Generally cloudy sky with moderate rain,No warning
2026-07-25 19:17:33.937811,Mumbai-Colaba,28-JUL,31,26,Generally cloudy sky with Light rain,No warning
2026-07-25 19:17:33.984714,Mumbai-Colaba,29-JUL,32,27,Generally cloudy sky with Light rain,No warning
2026-07-25 19:17:34.029302,Mumbai-Colaba,30-JUL,32,27,Generally cloudy sky with Light rain,No warning
2026-07-25 19:17:34.073094,Mumbai-Colaba,31-JUL,31,26,Generally cloudy sky with Light rain,No warning
2026-07-26 03:32:18.942858,Mumbai-Colaba,26-JUL,30,26,Generally cloudy sky with moderate rain,No warning
2026-07-26 03:32:18.987991,Mumbai-Colaba,27-JUL,31,26,Generally cloudy sky with moderate rain,No warning
2026-07-26 03:32:19.034158,Mumbai-Colaba,28-JUL,31,26,Generally cloudy sky with Light rain,No warning
2026-07-26 03:32:19.080488,Mumbai-Colaba,29-JUL,32,27,Generally cloudy sky with Light rain,No warning
2026-07-26 03:32:19.125153,Mumbai-Colaba,30-JUL,32,27,Generally cloudy sky with Light rain,No warning
2026-07-26 03:32:19.166640,Mumbai-Colaba,31-JUL,31,26,Generally cloudy sky with Light rain,No warning
2026-07-26 03:32:19.206767,Mumbai-Colaba,1-AUG,31,26,Generally cloudy sky with Light rain,No warning
2026-07-26 08:34:54.154811,Mumbai-Colaba,26-JUL,30,26,Generally cloudy sky with moderate rain,No warning
2026-07-26 08:34:54.192876,Mumbai-Colaba,27-JUL,30,26,Generally cloudy sky with Heavy rain,Heavy Rainfall
2026-07-26 08:34:54.229692,Mumbai-Colaba,28-JUL,31,26,Generally cloudy sky with moderate rain,No warning
2026-07-26 08:34:54.265187,Mumbai-Colaba,29-JUL,32,27,Generally cloudy sky with moderate rain,No warning
2026-07-26 08:34:54.300014,Mumbai-Colaba,30-JUL,32,27,Generally cloudy sky with moderate rain,No warning
2026-07-26 08:34:54.333775,Mumbai-Colaba,31-JUL,31,26,Generally cloudy sky with moderate rain,No warning
2026-07-26 08:34:54.367552,Mumbai-Colaba,1-AUG,31,26,Generally cloudy sky with moderate rain,No warning
2026-07-26 13:41:55.514671,Mumbai-Colaba,26-JUL,30,26,Generally cloudy sky with moderate rain,No warning
2026-07-26 13:41:55.559375,Mumbai-Colaba,27-JUL,30,26,Generally cloudy sky with Heavy rain,Heavy Rainfall
2026-07-26 13:41:55.604357,Mumbai-Colaba,28-JUL,31,26,Generally cloudy sky with moderate rain,No warning
2026-07-26 13:41:55.648354,Mumbai-Colaba,29-JUL,32,27,Generally cloudy sky with moderate rain,No warning
2026-07-26 13:41:55.691989,Mumbai-Colaba,30-JUL,32,27,Generally cloudy sky with moderate rain,No warning
2026-07-26 13:41:55.732035,Mumbai-Colaba,31-JUL,31,26,Generally cloudy sky with moderate rain,No warning
2026-07-26 13:41:55.773108,Mumbai-Colaba,1-AUG,31,26,Generally cloudy sky with moderate rain,No warning
2026-07-26 19:20:09.575964,Mumbai-Colaba,26-JUL,30,26,Generally cloudy sky with moderate rain,No warning
2026-07-26 19:20:09.614215,Mumbai-Colaba,27-JUL,30,26,Generally cloudy sky with Heavy rain,Heavy Rainfall
2026-07-26 19:20:09.652656,Mumbai-Colaba,28-JUL,31,26,Generally cloudy sky with moderate rain,No warning
2026-07-26 19:20:09.689963,Mumbai-Colaba,29-JUL,32,27,Generally cloudy sky with moderate rain,No warning
2026-07-26 19:20:09.727206,Mumbai-Colaba,30-JUL,32,27,Generally cloudy sky with moderate rain,No warning
2026-07-26 19:20:09.762398,Mumbai-Colaba,31-JUL,31,26,Generally cloudy sky with moderate rain,No warning
2026-07-26 19:20:09.797814,Mumbai-Colaba,1-AUG,31,26,Generally cloudy sky with moderate rain,No warning
2026-07-27 03:40:04.375424,Mumbai-Colaba,27-JUL,30,26,Generally cloudy sky with Heavy rain,Heavy Rainfall
2026-07-27 03:40:04.418594,Mumbai-Colaba,28-JUL,31,26,Generally cloudy sky with moderate rain,No warning
2026-07-27 03:40:04.462918,Mumbai-Colaba,29-JUL,32,27,Generally cloudy sky with moderate rain,No warning
2026-07-27 03:40:04.506342,Mumbai-Colaba,30-JUL,32,27,Generally cloudy sky with moderate rain,No warning
2026-07-27 03:40:04.548676,Mumbai-Colaba,31-JUL,31,26,Generally cloudy sky with moderate rain,No warning
2026-07-27 03:40:04.586986,Mumbai-Colaba,1-AUG,31,26,Generally cloudy sky with moderate rain,No warning
2026-07-27 03:40:04.627112,Mumbai-Colaba,2-AUG,31,26,Generally cloudy sky with moderate rain,No warning
2026-07-27 10:02:12.843332,Mumbai-Colaba,27-JUL,31,26,Generally cloudy sky with Heavy rain,Heavy Rainfall
2026-07-27 10:02:12.876580,Mumbai-Colaba,28-JUL,31,26,Generally cloudy sky with Light rain,No warning
2026-07-27 10:02:12.910126,Mumbai-Colaba,29-JUL,32,27,Generally cloudy sky with Light rain,No warning
2026-07-27 10:02:12.943416,Mumbai-Colaba,30-JUL,32,27,Generally cloudy sky with moderate rain,No warning
2026-07-27 10:02:12.975294,Mumbai-Colaba,31-JUL,31,26,Generally cloudy sky with moderate rain,No warning
2026-07-27 10:02:13.004727,Mumbai-Colaba,1-AUG,31,26,Generally cloudy sky with moderate rain,No warning
2026-07-27 10:02:13.034135,Mumbai-Colaba,2-AUG,31,26,Generally cloudy sky with moderate rain,No warning
2026-07-27 14:49:28.394369,Mumbai-Colaba,27-JUL,31,26,Generally cloudy sky with Heavy rain,Heavy Rainfall
2026-07-27 14:49:28.438676,Mumbai-Colaba,28-JUL,31,26,Generally cloudy sky with Light rain,No warning
2026-07-27 14:49:28.483636,Mumbai-Colaba,29-JUL,32,27,Generally cloudy sky with Light rain,No warning
2026-07-27 14:49:28.528570,Mumbai-Colaba,30-JUL,32,27,Generally cloudy sky with moderate rain,No warning
2026-07-27 14:49:28.572850,Mumbai-Colaba,31-JUL,31,26,Generally cloudy sky with moderate rain,No warning
2026-07-27 14:49:28.612756,Mumbai-Colaba,1-AUG,31,26,Generally cloudy sky with moderate rain,No warning
2026-07-27 14:49:28.652710,Mumbai-Colaba,2-AUG,31,26,Generally cloudy sky with moderate rain,No warning
2026-07-27 19:43:43.548234,Mumbai-Colaba,27-JUL,31,26,Generally cloudy sky with Heavy rain,Heavy Rainfall
2026-07-27 19:43:43.594485,Mumbai-Colaba,28-JUL,31,26,Generally cloudy sky with Light rain,No warning
2026-07-27 19:43:43.639599,Mumbai-Colaba,29-JUL,32,27,Generally cloudy sky with Light rain,No warning
2026-07-27 19:43:43.684361,Mumbai-Colaba,30-JUL,32,27,Generally cloudy sky with moderate rain,No warning
2026-07-27 19:43:43.729636,Mumbai-Colaba,31-JUL,31,26,Generally cloudy sky with moderate rain,No warning
2026-07-27 19:43:43.769644,Mumbai-Colaba,1-AUG,31,26,Generally cloudy sky with moderate rain,No warning
2026-07-27 19:43:43.810723,Mumbai-Colaba,2-AUG,31,26,Generally cloudy sky with moderate rain,No warning
2026-07-28 02:56:48.158459,Mumbai-Colaba,27-JUL,31,26,Generally cloudy sky with Heavy rain,Heavy Rainfall
2026-07-28 02:56:48.202850,Mumbai-Colaba,28-JUL,31,26,Generally cloudy sky with Light rain,No warning
2026-07-28 02:56:48.248425,Mumbai-Colaba,29-JUL,32,27,Generally cloudy sky with Light rain,No warning
2026-07-28 02:56:48.293219,Mumbai-Colaba,30-JUL,32,27,Generally cloudy sky with moderate rain,No warning
2026-07-28 02:56:48.337578,Mumbai-Colaba,31-JUL,31,26,Generally cloudy sky with moderate rain,No warning
2026-07-28 02:56:48.378706,Mumbai-Colaba,1-AUG,31,26,Generally cloudy sky with moderate rain,No warning
2026-07-28 02:56:48.419342,Mumbai-Colaba,2-AUG,31,26,Generally cloudy sky with moderate rain,No warning
2026-07-28 08:45:07.576831,Mumbai-Colaba,28-JUL,31,26,Generally cloudy sky with Light rain,No warning
2026-07-28 08:45:07.627169,Mumbai-Colaba,29-JUL,32,27,Generally cloudy sky with Light rain,No warning
2026-07-28 08:45:07.673292,Mumbai-Colaba,30-JUL,32,27,Generally cloudy sky with moderate rain,No warning
2026-07-28 08:45:07.719132,Mumbai-Colaba,31-JUL,31,26,Generally cloudy sky with moderate rain,No warning
2026-07-28 08:45:07.763894,Mumbai-Colaba,1-AUG,31,26,Generally cloudy sky with moderate rain,No warning
2026-07-28 08:45:07.804938,Mumbai-Colaba,2-AUG,31,26,Generally cloudy sky with moderate rain,No warning
2026-07-28 08:45:07.846158,Mumbai-Colaba,3-AUG,31,26,Generally cloudy sky with moderate rain,No warning
2026-07-28 14:23:45.342707,Mumbai-Colaba,28-JUL,31,26,Generally cloudy sky with Light rain,No warning
2026-07-28 14:23:45.384745,Mumbai-Colaba,29-JUL,32,27,Generally cloudy sky with Light rain,No warning
2026-07-28 14:23:45.426997,Mumbai-Colaba,30-JUL,32,27,Generally cloudy sky with moderate rain,No warning
2026-07-28 14:23:45.468556,Mumbai-Colaba,31-JUL,31,26,Generally cloudy sky with moderate rain,No warning
2026-07-28 14:23:45.509212,Mumbai-Colaba,1-AUG,31,26,Generally cloudy sky with moderate rain,No warning
2026-07-28 14:23:45.546145,Mumbai-Colaba,2-AUG,31,26,Generally cloudy sky with moderate rain,No warning
2026-07-28 14:23:45.583344,Mumbai-Colaba,3-AUG,31,26,Generally cloudy sky with moderate rain,No warning
2026-07-28 19:41:15.555797,Mumbai-Colaba,28-JUL,31,26,Generally cloudy sky with Light rain,No warning
2026-07-28 19:41:15.603726,Mumbai-Colaba,29-JUL,32,27,Generally cloudy sky with Light rain,No warning
2026-07-28 19:41:15.651449,Mumbai-Colaba,30-JUL,32,27,Generally cloudy sky with moderate rain,No warning
2026-07-28 19:41:15.704268,Mumbai-Colaba,31-JUL,31,26,Generally cloudy sky with moderate rain,No warning
2026-07-28 19:41:15.756443,Mumbai-Colaba,1-AUG,31,26,Generally cloudy sky with moderate rain,No warning
2026-07-28 19:41:15.802791,Mumbai-Colaba,2-AUG,31,26,Generally cloudy sky with moderate rain,No warning
2026-07-28 19:41:15.849535,Mumbai-Colaba,3-AUG,31,26,Generally cloudy sky with moderate rain,No warning
2026-07-29 03:16:36.865474,Mumbai-Colaba,29-JUL,32,27,Generally cloudy sky with Light rain,No warning
2026-07-29 03:16:36.917050,Mumbai-Colaba,30-JUL,32,27,Generally cloudy sky with moderate rain,No warning
2026-07-29 03:16:36.967711,Mumbai-Colaba,31-JUL,31,26,Generally cloudy sky with moderate rain,No warning
2026-07-29 03:16:37.022636,Mumbai-Colaba,1-AUG,31,26,Generally cloudy sky with moderate rain,No warning
2026-07-29 03:16:37.067515,Mumbai-Colaba,2-AUG,31,26,Generally cloudy sky with moderate rain,No warning
2026-07-29 03:16:37.106839,Mumbai-Colaba,3-AUG,31,26,Generally cloudy sky with moderate rain,No warning
2026-07-29 08:49:54.224136,Mumbai-Colaba,29-JUL,31,27,Generally cloudy sky with Light rain,No warning
2026-07-29 08:49:54.269368,Mumbai-Colaba,30-JUL,31,26,Generally cloudy sky with Light rain,No warning
2026-07-29 08:49:54.314060,Mumbai-Colaba,31-JUL,32,27,Generally cloudy sky with moderate rain,No warning
2026-07-29 08:49:54.358847,Mumbai-Colaba,1-AUG,32,27,Generally cloudy sky with moderate rain,No warning
2026-07-29 08:49:54.402369,Mumbai-Colaba,2-AUG,33,27,Generally cloudy sky with moderate rain,No warning
2026-07-29 08:49:54.442098,Mumbai-Colaba,3-AUG,33,27,Generally cloudy sky with moderate rain,No warning
2026-07-29 08:49:54.481262,Mumbai-Colaba,4-AUG,33,27,Generally cloudy sky with moderate rain,No warning
2026-07-29 19:26:16.083891,Mumbai-Colaba,29-JUL,31,27,Generally cloudy sky with Light rain,No warning
2026-07-29 19:26:16.131943,Mumbai-Colaba,30-JUL,31,26,Generally cloudy sky with Light rain,No warning
2026-07-29 19:26:16.174860,Mumbai-Colaba,31-JUL,32,27,Generally cloudy sky with moderate rain,No warning
2026-07-29 19:26:16.217257,Mumbai-Colaba,1-AUG,32,27,Generally cloudy sky with moderate rain,No warning
2026-07-29 19:26:16.254041,Mumbai-Colaba,2-AUG,33,27,Generally cloudy sky with moderate rain,No warning
2026-07-29 19:26:16.289128,Mumbai-Colaba,3-AUG,33,27,Generally cloudy sky with moderate rain,No warning
2026-07-29 19:26:16.324621,Mumbai-Colaba,4-AUG,33,27,Generally cloudy sky with moderate rain,No warning
2026-07-30 02:48:23.906916,Mumbai-Colaba,29-JUL,31,27,Generally cloudy sky with Light rain,No warning
2026-07-30 02:48:23.952869,Mumbai-Colaba,30-JUL,31,26,Generally cloudy sky with Light rain,No warning
2026-07-30 02:48:23.997136,Mumbai-Colaba,31-JUL,32,27,Generally cloudy sky with moderate rain,No warning
2026-07-30 02:48:24.040822,Mumbai-Colaba,1-AUG,32,27,Generally cloudy sky with moderate rain,No warning
2026-07-30 02:48:24.083793,Mumbai-Colaba,2-AUG,33,27,Generally cloudy sky with moderate rain,No warning
2026-07-30 02:48:24.122629,Mumbai-Colaba,3-AUG,33,27,Generally cloudy sky with moderate rain,No warning
2026-07-30 02:48:24.161454,Mumbai-Colaba,4-AUG,33,27,Generally cloudy sky with moderate rain,No warning
2026-07-30 08:37:46.403833,Mumbai-Colaba,30-JUL,30,26,Generally cloudy sky with Heavy rain,Heavy Rainfall
2026-07-30 08:37:46.453573,Mumbai-Colaba,31-JUL,30,25,Generally cloudy sky with Heavy rain,Heavy Rainfall
2026-07-30 08:37:46.503265,Mumbai-Colaba,1-AUG,31,26,Generally cloudy sky with moderate rain,No warning
2026-07-30 08:37:46.549767,Mumbai-Colaba,2-AUG,32,27,Generally cloudy sky with moderate rain,No warning
2026-07-30 08:37:46.595145,Mumbai-Colaba,3-AUG,32,27,Generally cloudy sky with moderate rain,No warning
2026-07-30 08:37:46.637454,Mumbai-Colaba,4-AUG,32,27,Generally cloudy sky with moderate rain,No warning
2026-07-30 08:37:46.679826,Mumbai-Colaba,5-AUG,32,27,Generally cloudy sky with moderate rain,No warning
2026-07-30 14:17:19.350004,Mumbai-Colaba,30-JUL,30,26,Generally cloudy sky with Heavy rain,Heavy Rainfall
2026-07-30 14:17:19.393206,Mumbai-Colaba,31-JUL,30,25,Generally cloudy sky with Heavy rain,Heavy Rainfall
2026-07-30 14:17:19.435723,Mumbai-Colaba,1-AUG,31,26,Generally cloudy sky with moderate rain,No warning
2026-07-30 14:17:19.477825,Mumbai-Colaba,2-AUG,32,27,Generally cloudy sky with moderate rain,No warning
2026-07-30 14:17:19.518461,Mumbai-Colaba,3-AUG,32,27,Generally cloudy sky with moderate rain,No warning
2026-07-30 14:17:19.555697,Mumbai-Colaba,4-AUG,32,27,Generally cloudy sky with moderate rain,No warning
2026-07-30 14:17:19.599804,Mumbai-Colaba,5-AUG,32,27,Generally cloudy sky with moderate rain,No warning
2026-07-30 19:42:31.028875,Mumbai-Colaba,30-JUL,30,26,Generally cloudy sky with Heavy rain,Heavy Rainfall
2026-07-30 19:42:31.065901,Mumbai-Colaba,31-JUL,30,25,Generally cloudy sky with Heavy rain,Heavy Rainfall
2026-07-30 19:42:31.102586,Mumbai-Colaba,1-AUG,31,26,Generally cloudy sky with moderate rain,No warning
2026-07-30 19:42:31.138686,Mumbai-Colaba,2-AUG,32,27,Generally cloudy sky with moderate rain,No warning
2026-07-30 19:42:31.173661,Mumbai-Colaba,3-AUG,32,27,Generally cloudy sky with moderate rain,No warning
2026-07-30 19:42:31.206300,Mumbai-Colaba,4-AUG,32,27,Generally cloudy sky with moderate rain,No warning
2026-07-30 19:42:31.239307,Mumbai-Colaba,5-AUG,32,27,Generally cloudy sky with moderate rain,No warning
2026-07-31 03:31:15.736706,Mumbai-Colaba,31-JUL,30,25,Generally cloudy sky with Heavy rain,Heavy Rainfall
2026-07-31 03:31:15.782707,Mumbai-Colaba,1-AUG,31,26,Generally cloudy sky with moderate rain,No warning
2026-07-31 03:31:15.829531,Mumbai-Colaba,2-AUG,32,27,Generally cloudy sky with moderate rain,No warning
2026-07-31 03:31:15.877328,Mumbai-Colaba,3-AUG,32,27,Generally cloudy sky with moderate rain,No warning
2026-07-31 03:31:15.924958,Mumbai-Colaba,4-AUG,32,27,Generally cloudy sky with moderate rain,No warning
2026-07-31 03:31:15.967055,Mumbai-Colaba,5-AUG,32,27,Generally cloudy sky with moderate rain,No warning
2026-07-31 03:31:16.008661,Mumbai-Colaba,6-AUG,32,27,Generally cloudy sky with moderate rain,No warning
2026-07-31 08:58:27.297109,Mumbai-Colaba,31-JUL,29,27,Generally cloudy sky with Heavy rain,Heavy Rainfall
2026-07-31 08:58:27.341796,Mumbai-Colaba,1-AUG,30,26,Generally cloudy sky with moderate rain,No warning
2026-07-31 08:58:27.388868,Mumbai-Colaba,2-AUG,30,26,Generally cloudy sky with moderate rain,No warning
2026-07-31 08:58:27.434827,Mumbai-Colaba,3-AUG,31,26,Generally cloudy sky with moderate rain,No warning
2026-07-31 08:58:27.479574,Mumbai-Colaba,4-AUG,31,26,Generally cloudy sky with moderate rain,No warning
2026-07-31 08:58:27.521341,Mumbai-Colaba,5-AUG,31,26,Generally cloudy sky with moderate rain,No warning
2026-07-31 08:58:27.562911,Mumbai-Colaba,6-AUG,32,27,Generally cloudy sky with moderate rain,No warning
2026-07-31 14:22:14.405278,Mumbai-Colaba,31-JUL,29,27,Generally cloudy sky with Heavy rain,Heavy Rainfall
2026-07-31 14:22:14.446959,Mumbai-Colaba,1-AUG,30,26,Generally cloudy sky with moderate rain,No warning
2026-07-31 14:22:14.488422,Mumbai-Colaba,2-AUG,30,26,Generally cloudy sky with moderate rain,No warning
2026-07-31 14:22:14.529179,Mumbai-Colaba,3-AUG,31,26,Generally cloudy sky with moderate rain,No warning
2026-07-31 14:22:14.570128,Mumbai-Colaba,4-AUG,31,26,Generally cloudy sky with moderate rain,No warning
2026-07-31 14:22:14.607654,Mumbai-Colaba,5-AUG,31,26,Generally cloudy sky with moderate rain,No warning
2026-07-31 14:22:14.644859,Mumbai-Colaba,6-AUG,32,27,Generally cloudy sky with moderate rain,No warning
2026-07-31 19:43:38.069074,Mumbai-Colaba,31-JUL,29,27,Generally cloudy sky with Heavy rain,Heavy Rainfall
2026-07-31 19:43:38.114862,Mumbai-Colaba,1-AUG,30,26,Generally cloudy sky with moderate rain,No warning
2026-07-31 19:43:38.160603,Mumbai-Colaba,2-AUG,30,26,Generally cloudy sky with moderate rain,No warning
2026-07-31 19:43:38.205686,Mumbai-Colaba,3-AUG,31,26,Generally cloudy sky with moderate rain,No warning
2026-07-31 19:43:38.249327,Mumbai-Colaba,4-AUG,31,26,Generally cloudy sky with moderate rain,No warning
2026-07-31 19:43:38.290161,Mumbai-Colaba,5-AUG,31,26,Generally cloudy sky with moderate rain,No warning
2026-07-31 19:43:38.331274,Mumbai-Colaba,6-AUG,32,27,Generally cloudy sky with moderate rain,No warning
2026-08-01 03:30:35.494456,Mumbai-Colaba,1-AUG,30,26,Generally cloudy sky with moderate rain,No warning
2026-08-01 03:30:35.537251,Mumbai-Colaba,2-AUG,30,26,Generally cloudy sky with moderate rain,No warning
2026-08-01 03:30:35.579671,Mumbai-Colaba,3-AUG,31,26,Generally cloudy sky with moderate rain,No warning
2026-08-01 03:30:35.621709,Mumbai-Colaba,4-AUG,31,26,Generally cloudy sky with moderate rain,No warning
2026-08-01 03:30:35.663372,Mumbai-Colaba,5-AUG,31,26,Generally cloudy sky with moderate rain,No warning
2026-08-01 03:30:35.701718,Mumbai-Colaba,6-AUG,32,27,Generally cloudy sky with moderate rain,No warning
2026-08-01 08:29:38.256852,Mumbai-Colaba,1-AUG,30,26,Generally cloudy sky with moderate rain,No warning
2026-08-01 08:29:38.300857,Mumbai-Colaba,2-AUG,30,26,Generally cloudy sky with moderate rain,No warning
2026-08-01 08:29:38.344176,Mumbai-Colaba,3-AUG,31,27,Generally cloudy sky with moderate rain,No warning
2026-08-01 08:29:38.387058,Mumbai-Colaba,4-AUG,31,27,Generally cloudy sky with moderate rain,No warning
2026-08-01 08:29:38.428660,Mumbai-Colaba,5-AUG,31,27,Generally cloudy sky with moderate rain,No warning
2026-08-01 08:29:38.467349,Mumbai-Colaba,6-AUG,32,27,Generally cloudy sky with moderate rain,No warning
2026-08-01 08:29:38.506035,Mumbai-Colaba,7-AUG,32,27,Generally cloudy sky with moderate rain,No warning
2026-08-01 13:40:54.954819,Mumbai-Colaba,1-AUG,30,26,Generally cloudy sky with moderate rain,No warning
2026-08-01 13:40:54.999237,Mumbai-Colaba,2-AUG,30,26,Generally cloudy sky with moderate rain,No warning
2026-08-01 13:40:55.044348,Mumbai-Colaba,3-AUG,31,27,Generally cloudy sky with moderate rain,No warning
2026-08-01 13:40:55.087866,Mumbai-Colaba,4-AUG,31,27,Generally cloudy sky with moderate rain,No warning
2026-08-01 13:40:55.130301,Mumbai-Colaba,5-AUG,31,27,Generally cloudy sky with moderate rain,No warning
2026-08-01 13:40:55.169247,Mumbai-Colaba,6-AUG,32,27,Generally cloudy sky with moderate rain,No warning
2026-08-01 13:40:55.208486,Mumbai-Colaba,7-AUG,32,27,Generally cloudy sky with moderate rain,No warning
2026-08-01 19:18:34.217464,Mumbai-Colaba,1-AUG,30,26,Generally cloudy sky with moderate rain,No warning
2026-08-01 19:18:34.262096,Mumbai-Colaba,2-AUG,30,26,Generally cloudy sky with moderate rain,No warning
2026-08-01 19:18:34.307456,Mumbai-Colaba,3-AUG,31,27,Generally cloudy sky with moderate rain,No warning
2026-08-01 19:18:34.351829,Mumbai-Colaba,4-AUG,31,27,Generally cloudy sky with moderate rain,No warning
2026-08-01 19:18:34.395519,Mumbai-Colaba,5-AUG,31,27,Generally cloudy sky with moderate rain,No warning
2026-08-01 19:18:34.436441,Mumbai-Colaba,6-AUG,32,27,Generally cloudy sky with moderate rain,No warning
2026-08-01 19:18:34.477516,Mumbai-Colaba,7-AUG,32,27,Generally cloudy sky with moderate rain,No warning
2026-08-02 03:30:04.187341,Mumbai-Colaba,2-AUG,30,26,Generally cloudy sky with moderate rain,No warning
2026-08-02 03:30:04.226702,Mumbai-Colaba,3-AUG,31,27,Generally cloudy sky with moderate rain,No warning
2026-08-02 03:30:04.265950,Mumbai-Colaba,4-AUG,31,27,Generally cloudy sky with moderate rain,No warning
2026-08-02 03:30:04.305740,Mumbai-Colaba,5-AUG,31,27,Generally cloudy sky with moderate rain,No warning
2026-08-02 03:30:04.342104,Mumbai-Colaba,6-AUG,32,27,Generally cloudy sky with moderate rain,No warning
2026-08-02 03:30:04.377379,Mumbai-Colaba,7-AUG,32,27,Generally cloudy sky with moderate rain,No warning
2026-08-02 08:31:59.577904,Mumbai-Colaba,2-AUG,31,27,Generally cloudy sky with Light rain,No warning
2026-08-02 08:31:59.622958,Mumbai-Colaba,3-AUG,30,28,Generally cloudy sky with moderate rain,No warning
2026-08-02 08:31:59.669235,Mumbai-Colaba,4-AUG,31,28,Generally cloudy sky with moderate rain,No warning
2026-08-02 08:31:59.715722,Mumbai-Colaba,5-AUG,32,27,Generally cloudy sky with Light rain,No warning
2026-08-02 08:31:59.760834,Mumbai-Colaba,6-AUG,32,27,Generally cloudy sky with Light rain,No warning
2026-08-02 08:31:59.802290,Mumbai-Colaba,7-AUG,31,27,Generally cloudy sky with Light rain,No warning
2026-08-02 08:31:59.843568,Mumbai-Colaba,8-AUG,31,27,Generally cloudy sky with moderate rain,No warning
2026-08-02 13:41:12.345901,Mumbai-Colaba,2-AUG,31,27,Generally cloudy sky with Light rain,No warning
2026-08-02 13:41:12.392720,Mumbai-Colaba,3-AUG,30,28,Generally cloudy sky with moderate rain,No warning
2026-08-02 13:41:12.440431,Mumbai-Colaba,4-AUG,31,28,Generally cloudy sky with moderate rain,No warning
2026-08-02 13:41:12.488264,Mumbai-Colaba,5-AUG,32,27,Generally cloudy sky with Light rain,No warning
2026-08-02 13:41:12.535432,Mumbai-Colaba,6-AUG,32,27,Generally cloudy sky with Light rain,No warning
2026-08-02 13:41:12.579590,Mumbai-Colaba,7-AUG,31,27,Generally cloudy sky with Light rain,No warning
2026-08-02 13:41:12.622459,Mumbai-Colaba,8-AUG,31,27,Generally cloudy sky with moderate rain,No warning
2026-08-02 19:19:39.060162,Mumbai-Colaba,2-AUG,31,27,Generally cloudy sky with Light rain,No warning
2026-08-02 19:19:39.101799,Mumbai-Colaba,3-AUG,30,28,Generally cloudy sky with moderate rain,No warning
2026-08-02 19:19:39.143057,Mumbai-Colaba,4-AUG,31,28,Generally cloudy sky with moderate rain,No warning
2026-08-02 19:19:39.183611,Mumbai-Colaba,5-AUG,32,27,Generally cloudy sky with Light rain,No warning
2026-08-02 19:19:39.223762,Mumbai-Colaba,6-AUG,32,27,Generally cloudy sky with Light rain,No warning
2026-08-02 19:19:39.261067,Mumbai-Colaba,7-AUG,31,27,Generally cloudy sky with Light rain,No warning
2026-08-02 19:19:39.298263,Mumbai-Colaba,8-AUG,31,27,Generally cloudy sky with moderate rain,No warning
2026-08-03 03:31:55.635998,Mumbai-Colaba,3-AUG,30,28,Generally cloudy sky with moderate rain,No warning
2026-08-03 03:31:55.679954,Mumbai-Colaba,4-AUG,31,28,Generally cloudy sky with moderate rain,No warning
2026-08-03 03:31:55.724948,Mumbai-Colaba,5-AUG,32,27,Generally cloudy sky with Light rain,No warning
2026-08-03 03:31:55.768283,Mumbai-Colaba,6-AUG,32,27,Generally cloudy sky with Light rain,No warning
2026-08-03 03:31:55.811411,Mumbai-Colaba,7-AUG,31,27,Generally cloudy sky with Light rain,No warning
2026-08-03 03:31:55.851733,Mumbai-Colaba,8-AUG,31,27,Generally cloudy sky with moderate rain,No warning
2026-08-03 03:31:55.892097,Mumbai-Colaba,9-AUG,31,27,Generally cloudy sky with moderate rain,No warning
2026-08-03 09:57:20.138040,Mumbai-Colaba,3-AUG,29,26,Generally cloudy sky with moderate rain,No warning
2026-08-03 09:57:20.182364,Mumbai-Colaba,4-AUG,30,26,Generally cloudy sky with moderate rain,No warning
2026-08-03 09:57:20.229260,Mumbai-Colaba,5-AUG,31,26,Generally cloudy sky with Light rain,No warning
2026-08-03 09:57:20.279613,Mumbai-Colaba,6-AUG,31,27,Generally cloudy sky with Light rain,No warning
2026-08-03 09:57:20.328706,Mumbai-Colaba,7-AUG,30,27,Generally cloudy sky with Light rain,No warning
2026-08-03 09:57:20.369982,Mumbai-Colaba,8-AUG,30,27,Generally cloudy sky with moderate rain,No warning
2026-08-03 09:57:20.409953,Mumbai-Colaba,9-AUG,30,27,Generally cloudy sky with moderate rain,No warning
2026-08-03 14:52:35.036568,Mumbai-Colaba,3-AUG,29,26,Generally cloudy sky with moderate rain,No warning
2026-08-03 14:52:35.079856,Mumbai-Colaba,4-AUG,30,26,Generally cloudy sky with moderate rain,No warning
2026-08-03 14:52:35.123648,Mumbai-Colaba,5-AUG,31,26,Generally cloudy sky with Light rain,No warning
2026-08-03 14:52:35.167454,Mumbai-Colaba,6-AUG,31,27,Generally cloudy sky with Light rain,No warning
2026-08-03 14:52:35.210295,Mumbai-Colaba,7-AUG,30,27,Generally cloudy sky with Light rain,No warning
2026-08-03 14:52:35.250326,Mumbai-Colaba,8-AUG,30,27,Generally cloudy sky with moderate rain,No warning
2026-08-03 14:52:35.290405,Mumbai-Colaba,9-AUG,30,27,Generally cloudy sky with moderate rain,No warning
2026-08-03 19:48:45.505204,Mumbai-Colaba,3-AUG,29,26,Generally cloudy sky with moderate rain,No warning
2026-08-03 19:48:45.548123,Mumbai-Colaba,4-AUG,30,26,Generally cloudy sky with moderate rain,No warning
2026-08-03 19:48:45.589814,Mumbai-Colaba,5-AUG,31,26,Generally cloudy sky with Light rain,No warning
2026-08-03 19:48:45.632354,Mumbai-Colaba,6-AUG,31,27,Generally cloudy sky with Light rain,No warning
2026-08-03 19:48:45.673429,Mumbai-Colaba,7-AUG,30,27,Generally cloudy sky with Light rain,No warning
2026-08-03 19:48:45.711160,Mumbai-Colaba,8-AUG,30,27,Generally cloudy sky with moderate rain,No warning
2026-08-03 19:48:45.749213,Mumbai-Colaba,9-AUG,30,27,Generally cloudy sky with moderate rain,No warning
2026-08-04 03:14:50.779842,Mumbai-Colaba,4-AUG,30,26,Generally cloudy sky with moderate rain,No warning
2026-08-04 03:14:50.805189,Mumbai-Colaba,5-AUG,31,26,Generally cloudy sky with Light rain,No warning
2026-08-04 03:14:50.830684,Mumbai-Colaba,6-AUG,31,27,Generally cloudy sky with Light rain,No warning
2026-08-04 03:14:50.855813,Mumbai-Colaba,7-AUG,30,27,Generally cloudy sky with Light rain,No warning
2026-08-04 03:14:50.880140,Mumbai-Colaba,8-AUG,30,27,Generally cloudy sky with moderate rain,No warning
2026-08-04 03:14:50.901986,Mumbai-Colaba,9-AUG,30,27,Generally cloudy sky with moderate rain,No warning
2026-08-04 08:48:02.645945,Mumbai-Colaba,4-AUG,30,26,Generally cloudy sky with Light rain,No warning
2026-08-04 08:48:02.686759,Mumbai-Colaba,5-AUG,31,26,Generally cloudy sky with Light rain,No warning
2026-08-04 08:48:02.727854,Mumbai-Colaba,6-AUG,31,27,Generally cloudy sky with Light rain,No warning
2026-08-04 08:48:02.767602,Mumbai-Colaba,7-AUG,30,27,Generally cloudy sky with moderate rain,No warning
2026-08-04 08:48:02.807381,Mumbai-Colaba,8-AUG,30,27,Generally cloudy sky with moderate rain,No warning
2026-08-04 08:48:02.844475,Mumbai-Colaba,9-AUG,30,27,Generally cloudy sky with moderate rain,No warning
2026-08-04 08:48:02.881547,Mumbai-Colaba,10-AUG,30,27,Generally cloudy sky with moderate rain,No warning
2026-08-04 14:29:32.889728,Mumbai-Colaba,4-AUG,30,26,Generally cloudy sky with Light rain,No warning
2026-08-04 14:29:32.933757,Mumbai-Colaba,5-AUG,31,26,Generally cloudy sky with Light rain,No warning
2026-08-04 14:29:32.978188,Mumbai-Colaba,6-AUG,31,27,Generally cloudy sky with Light rain,No warning
2026-08-04 14:29:33.021841,Mumbai-Colaba,7-AUG,30,27,Generally cloudy sky with moderate rain,No warning
2026-08-04 14:29:33.064530,Mumbai-Colaba,8-AUG,30,27,Generally cloudy sky with moderate rain,No warning
2026-08-04 14:29:33.104286,Mumbai-Colaba,9-AUG,30,27,Generally cloudy sky with moderate rain,No warning
2026-08-04 14:29:33.143613,Mumbai-Colaba,10-AUG,30,27,Generally cloudy sky with moderate rain,No warning
2026-08-04 19:45:07.160564,Mumbai-Colaba,4-AUG,30,26,Generally cloudy sky with Light rain,No warning
2026-08-04 19:45:07.205417,Mumbai-Colaba,5-AUG,31,26,Generally cloudy sky with Light rain,No warning
2026-08-04 19:45:07.250843,Mumbai-Colaba,6-AUG,31,27,Generally cloudy sky with Light rain,No warning
2026-08-04 19:45:07.294933,Mumbai-Colaba,7-AUG,30,27,Generally cloudy sky with moderate rain,No warning
2026-08-04 19:45:07.338531,Mumbai-Colaba,8-AUG,30,27,Generally cloudy sky with moderate rain,No warning
2026-08-04 19:45:07.378720,Mumbai-Colaba,9-AUG,30,27,Generally cloudy sky with moderate rain,No warning
2026-08-04 19:45:07.419670,Mumbai-Colaba,10-AUG,30,27,Generally cloudy sky with moderate rain,No warning
2026-08-05 02:55:59.378477,Mumbai-Colaba,4-AUG,30,26,Generally cloudy sky with Light rain,No warning
2026-08-05 02:55:59.422966,Mumbai-Colaba,5-AUG,31,26,Generally cloudy sky with Light rain,No warning
2026-08-05 02:55:59.468219,Mumbai-Colaba,6-AUG,31,27,Generally cloudy sky with Light rain,No warning
2026-08-05 02:55:59.512615,Mumbai-Colaba,7-AUG,30,27,Generally cloudy sky with moderate rain,No warning
2026-08-05 02:55:59.556481,Mumbai-Colaba,8-AUG,30,27,Generally cloudy sky with moderate rain,No warning
2026-08-05 02:55:59.597238,Mumbai-Colaba,9-AUG,30,27,Generally cloudy sky with moderate rain,No warning
2026-08-05 02:55:59.637938,Mumbai-Colaba,10-AUG,30,27,Generally cloudy sky with moderate rain,No warning
2026-08-05 08:45:09.751610,Mumbai-Colaba,5-AUG,30,25,Generally cloudy sky with moderate rain,No warning
2026-08-05 08:45:09.797224,Mumbai-Colaba,6-AUG,31,25,Generally cloudy sky with moderate rain,No warning
2026-08-05 08:45:09.843099,Mumbai-Colaba,7-AUG,31,26,Generally cloudy sky with moderate rain,No warning
2026-08-05 08:45:09.888805,Mumbai-Colaba,8-AUG,31,26,Generally cloudy sky with moderate rain,No warning
2026-08-05 08:45:09.934344,Mumbai-Colaba,9-AUG,30,26,Generally cloudy sky with moderate rain,No warning
2026-08-05 08:45:09.975821,Mumbai-Colaba,10-AUG,30,26,Generally cloudy sky with moderate rain,No warning
2026-08-05 08:45:10.015112,Mumbai-Colaba,11-AUG,30,26,Generally cloudy sky with moderate rain,No warning
2026-08-05 14:22:58.092574,Mumbai-Colaba,5-AUG,30,25,Generally cloudy sky with moderate rain,No warning
2026-08-05 14:22:58.138504,Mumbai-Colaba,6-AUG,31,25,Generally cloudy sky with moderate rain,No warning
2026-08-05 14:22:58.184134,Mumbai-Colaba,7-AUG,31,26,Generally cloudy sky with moderate rain,No warning
2026-08-05 14:22:58.229287,Mumbai-Colaba,8-AUG,31,26,Generally cloudy sky with moderate rain,No warning
2026-08-05 14:22:58.274344,Mumbai-Colaba,9-AUG,30,26,Generally cloudy sky with moderate rain,No warning
2026-08-05 14:22:58.315241,Mumbai-Colaba,10-AUG,30,26,Generally cloudy sky with moderate rain,No warning
2026-08-05 14:22:58.356803,Mumbai-Colaba,11-AUG,30,26,Generally cloudy sky with moderate rain,No warning
2026-08-05 19:44:15.521420,Mumbai-Colaba,5-AUG,30,25,Generally cloudy sky with moderate rain,No warning
2026-08-05 19:44:15.563935,Mumbai-Colaba,6-AUG,31,25,Generally cloudy sky with moderate rain,No warning
2026-08-05 19:44:15.608069,Mumbai-Colaba,7-AUG,31,26,Generally cloudy sky with moderate rain,No warning
2026-08-05 19:44:15.651078,Mumbai-Colaba,8-AUG,31,26,Generally cloudy sky with moderate rain,No warning
2026-08-05 19:44:15.694235,Mumbai-Colaba,9-AUG,30,26,Generally cloudy sky with moderate rain,No warning
2026-08-05 19:44:15.732621,Mumbai-Colaba,10-AUG,30,26,Generally cloudy sky with moderate rain,No warning
2026-08-05 19:44:15.771166,Mumbai-Colaba,11-AUG,30,26,Generally cloudy sky with moderate rain,No warning
2026-08-06 03:13:29.536502,Mumbai-Colaba,6-AUG,31,25,Generally cloudy sky with moderate rain,No warning
2026-08-06 03:13:29.582264,Mumbai-Colaba,7-AUG,31,26,Generally cloudy sky with moderate rain,No warning
2026-08-06 03:13:29.631092,Mumbai-Colaba,8-AUG,31,26,Generally cloudy sky with moderate rain,No warning
2026-08-06 03:13:29.677965,Mumbai-Colaba,9-AUG,30,26,Generally cloudy sky with moderate rain,No warning
2026-08-06 03:13:29.723355,Mumbai-Colaba,10-AUG,30,26,Generally cloudy sky with moderate rain,No warning
2026-08-06 03:13:29.765001,Mumbai-Colaba,11-AUG,30,26,Generally cloudy sky with moderate rain,No warning
2026-08-06 08:46:54.450859,Mumbai-Colaba,6-AUG,31,25,Generally cloudy sky with moderate rain,No warning
2026-08-06 08:46:54.495562,Mumbai-Colaba,7-AUG,31,25,Generally cloudy sky with moderate rain,No warning
2026-08-06 08:46:54.541628,Mumbai-Colaba,8-AUG,32,25,Generally cloudy sky with moderate rain,No warning
2026-08-06 08:46:54.587805,Mumbai-Colaba,9-AUG,32,26,Generally cloudy sky with moderate rain,No warning
2026-08-06 08:46:54.632364,Mumbai-Colaba,10-AUG,32,26,Generally cloudy sky with Light rain,No warning
2026-08-06 08:46:54.672878,Mumbai-Colaba,11-AUG,31,25,Generally cloudy sky with Light rain,No warning
2026-08-06 08:46:54.713786,Mumbai-Colaba,12-AUG,31,25,Generally cloudy sky with Light rain,No warning
2026-08-06 14:26:07.721712,Mumbai-Colaba,6-AUG,31,25,Generally cloudy sky with moderate rain,No warning
2026-08-06 14:26:07.766832,Mumbai-Colaba,7-AUG,31,25,Generally cloudy sky with moderate rain,No warning
2026-08-06 14:26:07.812861,Mumbai-Colaba,8-AUG,32,25,Generally cloudy sky with moderate rain,No warning
2026-08-06 14:26:07.858020,Mumbai-Colaba,9-AUG,32,26,Generally cloudy sky with moderate rain,No warning
2026-08-06 14:26:07.901669,Mumbai-Colaba,10-AUG,32,26,Generally cloudy sky with Light rain,No warning
2026-08-06 14:26:07.942237,Mumbai-Colaba,11-AUG,31,25,Generally cloudy sky with Light rain,No warning
2026-08-06 14:26:07.983142,Mumbai-Colaba,12-AUG,31,25,Generally cloudy sky with Light rain,No warning
2026-08-07 00:08:04.791534,Mumbai-Colaba,6-AUG,31,25,Generally cloudy sky with moderate rain,No warning
2026-08-07 00:08:04.837852,Mumbai-Colaba,7-AUG,31,25,Generally cloudy sky with moderate rain,No warning
2026-08-07 00:08:04.885054,Mumbai-Colaba,8-AUG,32,25,Generally cloudy sky with moderate rain,No warning
2026-08-07 00:08:04.931068,Mumbai-Colaba,9-AUG,32,26,Generally cloudy sky with moderate rain,No warning
2026-08-07 00:08:04.975545,Mumbai-Colaba,10-AUG,32,26,Generally cloudy sky with Light rain,No warning
2026-08-07 00:08:05.017658,Mumbai-Colaba,11-AUG,31,25,Generally cloudy sky with Light rain,No warning
2026-08-07 00:08:05.059598,Mumbai-Colaba,12-AUG,31,25,Generally cloudy sky with Light rain,No warning
2026-08-07 07:25:18.118136,Mumbai-Colaba,7-AUG,31,25,Generally cloudy sky with moderate rain,No warning
2026-08-07 07:25:18.164332,Mumbai-Colaba,8-AUG,32,25,Generally cloudy sky with moderate rain,No warning
2026-08-07 07:25:18.210264,Mumbai-Colaba,9-AUG,32,26,Generally cloudy sky with moderate rain,No warning
2026-08-07 07:25:18.257227,Mumbai-Colaba,10-AUG,32,26,Generally cloudy sky with Light rain,No warning
2026-08-07 07:25:18.302713,Mumbai-Colaba,11-AUG,31,25,Generally cloudy sky with Light rain,No warning
2026-08-07 07:25:18.344741,Mumbai-Colaba,12-AUG,31,25,Generally cloudy sky with Light rain,No warning
2026-08-07 13:16:49.028536,Mumbai-Colaba,7-AUG,31,25,Generally cloudy sky with Light rain,No warning
2026-08-07 13:16:49.074307,Mumbai-Colaba,8-AUG,32,25,Generally cloudy sky with moderate rain,No warning
2026-08-07 13:16:49.120279,Mumbai-Colaba,9-AUG,32,26,Generally cloudy sky with moderate rain,No warning
2026-08-07 13:16:49.165744,Mumbai-Colaba,10-AUG,32,26,Generally cloudy sky with moderate rain,No warning
2026-08-07 13:16:49.210141,Mumbai-Colaba,11-AUG,31,25,Generally cloudy sky with Light rain,No warning
2026-08-07 13:16:49.251167,Mumbai-Colaba,12-AUG,31,25,Generally cloudy sky with Light rain,No warning
2026-08-07 13:16:49.292076,Mumbai-Colaba,13-AUG,31,25,Generally cloudy sky with Light rain,No warning
2026-08-07 19:05:24.245685,Mumbai-Colaba,7-AUG,31,25,Generally cloudy sky with Light rain,No warning
2026-08-07 19:05:24.290585,Mumbai-Colaba,8-AUG,32,25,Generally cloudy sky with moderate rain,No warning
2026-08-07 19:05:24.336205,Mumbai-Colaba,9-AUG,32,26,Generally cloudy sky with moderate rain,No warning
2026-08-07 19:05:24.381114,Mumbai-Colaba,10-AUG,32,26,Generally cloudy sky with moderate rain,No warning
2026-08-07 19:05:24.425016,Mumbai-Colaba,11-AUG,31,25,Generally cloudy sky with Light rain,No warning
2026-08-07 19:05:24.465568,Mumbai-Colaba,12-AUG,31,25,Generally cloudy sky with Light rain,No warning
2026-08-07 19:05:24.505822,Mumbai-Colaba,13-AUG,31,25,Generally cloudy sky with Light rain,No warning
2026-08-08 02:00:20.398245,Mumbai-Colaba,7-AUG,31,25,Generally cloudy sky with Light rain,No warning
2026-08-08 02:00:20.445454,Mumbai-Colaba,8-AUG,32,25,Generally cloudy sky with moderate rain,No warning
2026-08-08 02:00:20.493067,Mumbai-Colaba,9-AUG,32,26,Generally cloudy sky with moderate rain,No warning
2026-08-08 02:00:20.540025,Mumbai-Colaba,10-AUG,32,26,Generally cloudy sky with moderate rain,No warning
2026-08-08 02:00:20.586464,Mumbai-Colaba,11-AUG,31,25,Generally cloudy sky with Light rain,No warning
2026-08-08 02:00:20.629606,Mumbai-Colaba,12-AUG,31,25,Generally cloudy sky with Light rain,No warning
2026-08-08 02:00:20.672953,Mumbai-Colaba,13-AUG,31,25,Generally cloudy sky with Light rain,No warning
2026-08-08 07:02:54.534858,Mumbai-Colaba,8-AUG,31,25,Generally cloudy sky with Light rain,No warning
2026-08-08 07:02:54.571469,Mumbai-Colaba,9-AUG,32,26,Generally cloudy sky with Light rain,No warning
2026-08-08 07:02:54.608660,Mumbai-Colaba,10-AUG,32,26,Generally cloudy sky with Light rain,No warning
2026-08-08 07:02:54.645016,Mumbai-Colaba,11-AUG,31,25,Generally cloudy sky with Light rain,No warning
2026-08-08 07:02:54.680905,Mumbai-Colaba,12-AUG,31,25,Generally cloudy sky with Light rain,No warning
2026-08-08 07:02:54.713976,Mumbai-Colaba,13-AUG,31,25,Generally cloudy sky with Light rain,No warning
2026-08-08 07:02:54.747008,Mumbai-Colaba,14-AUG,31,25,Generally cloudy sky with Light rain,No warning
2026-08-08 13:00:05.280146,Mumbai-Colaba,8-AUG,31,25,Generally cloudy sky with Light rain,No warning
2026-08-08 13:00:05.328693,Mumbai-Colaba,9-AUG,32,26,Generally cloudy sky with Light rain,No warning
2026-08-08 13:00:05.378610,Mumbai-Colaba,10-AUG,32,26,Generally cloudy sky with Light rain,No warning
2026-08-08 13:00:05.428424,Mumbai-Colaba,11-AUG,31,25,Generally cloudy sky with Light rain,No warning
2026-08-08 13:00:05.478502,Mumbai-Colaba,12-AUG,31,25,Generally cloudy sky with Light rain,No warning
2026-08-08 13:00:05.523183,Mumbai-Colaba,13-AUG,31,25,Generally cloudy sky with Light rain,No warning
2026-08-08 13:00:05.567824,Mumbai-Colaba,14-AUG,31,25,Generally cloudy sky with Light rain,No warning
2026-08-08 18:46:47.090639,Mumbai-Colaba,8-AUG,31,25,Generally cloudy sky with Light rain,No warning
2026-08-08 18:46:47.140197,Mumbai-Colaba,9-AUG,32,26,Generally cloudy sky with Light rain,No warning
2026-08-08 18:46:47.185264,Mumbai-Colaba,10-AUG,32,26,Generally cloudy sky with Light rain,No warning
2026-08-08 18:46:47.230891,Mumbai-Colaba,11-AUG,31,25,Generally cloudy sky with Light rain,No warning
2026-08-08 18:46:47.275514,Mumbai-Colaba,12-AUG,31,25,Generally cloudy sky with Light rain,No warning
2026-08-08 18:46:47.317732,Mumbai-Colaba,13-AUG,31,25,Generally cloudy sky with Light rain,No warning
2026-08-08 18:46:47.359315,Mumbai-Colaba,14-AUG,31,25,Generally cloudy sky with Light rain,No warning
2026-08-09 02:07:12.129554,Mumbai-Colaba,8-AUG,31,25,Generally cloudy sky with Light rain,No warning
2026-08-09 02:07:12.174038,Mumbai-Colaba,9-AUG,32,26,Generally cloudy sky with Light rain,No warning
2026-08-09 02:07:12.218788,Mumbai-Colaba,10-AUG,32,26,Generally cloudy sky with Light rain,No warning
2026-08-09 02:07:12.263587,Mumbai-Colaba,11-AUG,31,25,Generally cloudy sky with Light rain,No warning
2026-08-09 02:07:12.306396,Mumbai-Colaba,12-AUG,31,25,Generally cloudy sky with Light rain,No warning
2026-08-09 02:07:12.347066,Mumbai-Colaba,13-AUG,31,25,Generally cloudy sky with Light rain,No warning
2026-08-09 02:07:12.387362,Mumbai-Colaba,14-AUG,31,25,Generally cloudy sky with Light rain,No warning
2026-08-09 07:05:24.224447,Mumbai-Colaba,9-AUG,32,26,Generally cloudy sky with Light rain,No warning
2026-08-09 07:05:24.275297,Mumbai-Colaba,10-AUG,32,26,Generally cloudy sky with Light rain,No warning
2026-08-09 07:05:24.327960,Mumbai-Colaba,11-AUG,31,25,Generally cloudy sky with Light rain,No warning
2026-08-09 07:05:24.380317,Mumbai-Colaba,12-AUG,31,25,Generally cloudy sky with Light rain,No warning
2026-08-09 07:05:24.430588,Mumbai-Colaba,13-AUG,31,25,Generally cloudy sky with Light rain,No warning
2026-08-09 07:05:24.476388,Mumbai-Colaba,14-AUG,31,25,Generally cloudy sky with Light rain,No warning
2026-08-09 13:03:08.269696,Mumbai-Colaba,9-AUG,32,26,Generally cloudy sky with moderate rain,No warning
2026-08-09 13:03:08.315424,Mumbai-Colaba,10-AUG,32,26,Generally cloudy sky with moderate rain,No warning
2026-08-09 13:03:08.361271,Mumbai-Colaba,11-AUG,31,25,Generally cloudy sky with Light rain,No warning
2026-08-09 13:03:08.407500,Mumbai-Colaba,12-AUG,31,25,Generally cloudy sky with Light rain,No warning
2026-08-09 13:03:08.453670,Mumbai-Colaba,13-AUG,31,26,Generally cloudy sky with Light rain,No warning
2026-08-09 13:03:08.495520,Mumbai-Colaba,14-AUG,31,26,Generally cloudy sky with Light rain,No warning
2026-08-09 13:03:08.537907,Mumbai-Colaba,15-AUG,31,26,Generally cloudy sky with Light rain,No warning
2026-08-09 18:50:57.704441,Mumbai-Colaba,9-AUG,32,26,Generally cloudy sky with moderate rain,No warning
2026-08-09 18:50:57.752942,Mumbai-Colaba,10-AUG,32,26,Generally cloudy sky with moderate rain,No warning
2026-08-09 18:50:57.799283,Mumbai-Colaba,11-AUG,31,25,Generally cloudy sky with Light rain,No warning
2026-08-09 18:50:57.844802,Mumbai-Colaba,12-AUG,31,25,Generally cloudy sky with Light rain,No warning
2026-08-09 18:50:57.888901,Mumbai-Colaba,13-AUG,31,26,Generally cloudy sky with Light rain,No warning
2026-08-09 18:50:57.930028,Mumbai-Colaba,14-AUG,31,26,Generally cloudy sky with Light rain,No warning
2026-08-09 18:50:57.971774,Mumbai-Colaba,15-AUG,31,26,Generally cloudy sky with Light rain,No warning
2026-08-10 02:12:03.230432,Mumbai-Colaba,9-AUG,32,26,Generally cloudy sky with moderate rain,No warning
2026-08-10 02:12:03.274977,Mumbai-Colaba,10-AUG,32,26,Generally cloudy sky with moderate rain,No warning
2026-08-10 02:12:03.319328,Mumbai-Colaba,11-AUG,31,25,Generally cloudy sky with Light rain,No warning
2026-08-10 02:12:03.363293,Mumbai-Colaba,12-AUG,31,25,Generally cloudy sky with Light rain,No warning
2026-08-10 02:12:03.405959,Mumbai-Colaba,13-AUG,31,26,Generally cloudy sky with Light rain,No warning
2026-08-10 02:12:03.444870,Mumbai-Colaba,14-AUG,31,26,Generally cloudy sky with Light rain,No warning
2026-08-10 02:12:03.484859,Mumbai-Colaba,15-AUG,31,26,Generally cloudy sky with Light rain,No warning
2026-08-10 07:52:16.504379,Mumbai-Colaba,10-AUG,32,26,Generally cloudy sky with Light rain,No warning
2026-08-10 07:52:16.545271,Mumbai-Colaba,11-AUG,31,25,Generally cloudy sky with Light rain,No warning
2026-08-10 07:52:16.585000,Mumbai-Colaba,12-AUG,31,25,Generally cloudy sky with Light rain,No warning
2026-08-10 07:52:16.624726,Mumbai-Colaba,13-AUG,31,26,Generally cloudy sky with Light rain,No warning
2026-08-10 07:52:16.662149,Mumbai-Colaba,14-AUG,31,26,Generally cloudy sky with Light rain,No warning
2026-08-10 07:52:16.698746,Mumbai-Colaba,15-AUG,31,26,Generally cloudy sky with Light rain,No warning
2026-08-10 07:52:16.735613,Mumbai-Colaba,16-AUG,31,26,Generally cloudy sky with Light rain,No warning
2026-08-10 13:21:43.223881,Mumbai-Colaba,10-AUG,32,26,Generally cloudy sky with Light rain,No warning
2026-08-10 13:21:43.270235,Mumbai-Colaba,11-AUG,31,25,Generally cloudy sky with Light rain,No warning
2026-08-10 13:21:43.316698,Mumbai-Colaba,12-AUG,31,25,Generally cloudy sky with Light rain,No warning
2026-08-10 13:21:43.362990,Mumbai-Colaba,13-AUG,31,26,Generally cloudy sky with Light rain,No warning
2026-08-10 13:21:43.407365,Mumbai-Colaba,14-AUG,31,26,Generally cloudy sky with Light rain,No warning
2026-08-10 13:21:43.446670,Mumbai-Colaba,15-AUG,31,26,Generally cloudy sky with Light rain,No warning
2026-08-10 13:21:43.487164,Mumbai-Colaba,16-AUG,31,26,Generally cloudy sky with Light rain,No warning
2026-08-10 19:05:09.957050,Mumbai-Colaba,10-AUG,32,26,Generally cloudy sky with Light rain,No warning
2026-08-10 19:05:10.000236,Mumbai-Colaba,11-AUG,31,25,Generally cloudy sky with Light rain,No warning
2026-08-10 19:05:10.044252,Mumbai-Colaba,12-AUG,31,25,Generally cloudy sky with Light rain,No warning
2026-08-10 19:05:10.088337,Mumbai-Colaba,13-AUG,31,26,Generally cloudy sky with Light rain,No warning
2026-08-10 19:05:10.130644,Mumbai-Colaba,14-AUG,31,26,Generally cloudy sky with Light rain,No warning
2026-08-10 19:05:10.168952,Mumbai-Colaba,15-AUG,31,26,Generally cloudy sky with Light rain,No warning
2026-08-10 19:05:10.208090,Mumbai-Colaba,16-AUG,31,26,Generally cloudy sky with Light rain,No warning
